,衣装名,アイドル,説明,画像ID,モデルID,日時,種類
0,スウィーティーブロッサム,天海春香,"甘い香りに誘われて、
出会ったのはブロッサム！
たくさんのリボンが人々を
魅了します♪",001har0034,ss001,2017-06-29T00:00:00+09:00,恒常SSR
1,スウィーティーブロッサム+,天海春香,"「スウィーティーブロッサム」の
アナザー衣装です。",001har0034_v,ss101,2017-06-29T00:00:00+09:00,恒常SSR
2,スウィーティーブロッサム++,天海春香,"「スウィーティーブロッサム」の
アナザー2衣装です。",001har0034_v2,ss201,2017-06-29T00:00:00+09:00,恒常SSR
3,ハッピークッキングタイム♪,天海春香,"いらっしゃいませ、お客さま♪
今日のおすすめメニューは愛情を
たっぷり込めた、特製ハッピー
ソング☆おひとついかがですか？",001har0064,ss002,2018-01-15T15:00:00+09:00,限定SSR
4,ハッピークッキングタイム♪+,天海春香,"「ハッピークッキングタイム♪」
のアナザー衣装です。",001har0064_v,ss102,2018-01-15T15:00:00+09:00,限定SSR
5,ハッピークッキングタイム♪++,天海春香,"「ハッピークッキングタイム♪」
のアナザー2衣装です。",001har0064_v2,ss202,2018-01-15T15:00:00+09:00,限定SSR
6,ヌーベル・トリコロール,天海春香,"純粋に広がる夢をイメージした白
に、特別な3つの色をあしらいま
した。3つの新しい輝きが、支え
合うように互いを照らします。",costume_07,ex007,2018-06-29T00:00:00+09:00,1st
7,ヌーベル・トリコロール+,天海春香,"「ヌーベル・トリコロール」の
アナザー衣装です。",costume_07_v,ex107,2018-06-29T00:00:00+09:00,1st
8,エボリューション・ウイング,天海春香,"さあ、顔を上げよう。まだ道は
続いている。進み続けることは
怖くない。隣には仲間が、背中
には希望の翼がついているから。",001har0103,sr056,2019-05-20T15:00:00+09:00,PST
9,エボリューション・ウイング+,天海春香,"「エボリューション・ウイング」
のアナザー衣装です。",001har0103_v,sr156,2019-05-20T15:00:00+09:00,PST
10,パステルナイトシープ,天海春香,"メェ～メェ～、メェ～メェ～。
ふわふわの夢色羊が、あなたを
やさしい眠りの世界へ誘います。
おやすみなさい、よい夢を…♪",001har0114,ss003,2019-06-11T15:00:00+09:00,恒常SSR
11,パステルナイトシープ+,天海春香,"「パステルナイトシープ」の
アナザー衣装です。",001har0114_v,ss103,2019-06-11T15:00:00+09:00,恒常SSR
12,ルミエール・パピヨン,天海春香,"まるで蝶のように美しく軽やかに
光へと向かって羽ばたいていく
少女たち。誰も見たことのない
高みへ、さあ…一緒に行こう！",costume_12,ex012,2019-07-01T00:00:00+09:00,2nd
13,ルミエール・パピヨン+,天海春香,"「ルミエール・パピヨン」の
アナザー衣装です。",costume_12_v,ex112,2019-07-01T00:00:00+09:00,2nd
14,エンド・オブ・レオンハート,天海春香,"アウトレイジ軍トップの戦闘
衣装。揺るがぬ信念は、世界に
変革をもたらすために。たとえ、
道程で幾万の犠牲を生もうとも。",001har0134,ss004,2019-10-20T15:00:00+09:00,恒常SSR
15,エンド・オブ・レオンハート+,天海春香,"「エンド・オブ・レオンハート」
のアナザー衣装です。",001har0134_v,ss104,2019-10-20T15:00:00+09:00,恒常SSR
16,ハイスクールメイト,天海春香,"恋に友情、バイトに勉強。１日
２４時間だけじゃ全然足りない！
オトナが言う『一度きりの青春』
思いっきり楽しんでます☆",srufs045,sr045,2019-12-31T15:00:00+09:00,SR
17,エクラ・ド・フルール,天海春香,"太陽に負けないくらい眩しい
笑顔を浮かべながら、隣の彼女と
目を合わせる。みんなに輝く
未来を届けるために…♪",001har0154,ss005,2020-03-29T15:00:00+09:00,FES
18,エクラ・ド・フルール+,天海春香,"「エクラ・ド・フルール」の
アナザー衣装です。",001har0154_v,ss105,2020-03-29T15:00:00+09:00,FES
19,ブリリアントディーヴァ,如月千早,"星に願いを、ディーヴァに愛を。
上品で力強い歌声を引き立てる、
柔らかなドレスのラインに合わせ
今宵も愛をこめて歌を届けます。",002chi0044,ss001,2017-12-31T15:00:00+09:00,恒常SSR
20,ブリリアントディーヴァ+,如月千早,"「ブリリアントディーヴァ」の
アナザー衣装です。",002chi0044_v,ss101,2017-12-31T15:00:00+09:00,恒常SSR
21,ブリリアントディーヴァ++,如月千早,"「ブリリアントディーヴァ」の
アナザー2衣装です。",002chi0044_v2,ss201,2017-12-31T15:00:00+09:00,恒常SSR
22,ヌーベル・トリコロール,如月千早,"純粋に広がる夢をイメージした白
に、特別な3つの色をあしらいま
した。3つの新しい輝きが、支え
合うように互いを照らします。",costume_07,ex007,2018-06-29T00:00:00+09:00,1st
23,ヌーベル・トリコロール+,如月千早,"「ヌーベル・トリコロール」の
アナザー衣装です。",costume_07_v,ex107,2018-06-29T00:00:00+09:00,1st
24,ドリームスカイ・アテンダント,如月千早,"どこまでも飛んで行けそうな、
眩しく美しい翼に乗って…。
蒼く広がる空の先にある、まだ
見ぬ夢を探す旅へご案内します！",002chi0084,ss002,2018-08-14T15:00:00+09:00,限定SSR
25,ドリームスカイ・アテンダント+,如月千早,"「ドリームスカイ・アテンダント
」のアナザー衣装です。",002chi0084_v,ss102,2018-08-14T15:00:00+09:00,限定SSR
26,ハイスクールメイト,如月千早,"恋に友情、バイトに勉強。１日
２４時間だけじゃ全然足りない！
オトナが言う『一度きりの青春』
思いっきり楽しんでます☆",srufs045,sr045,2019-02-19T15:00:00+09:00,SR
27,ルミエール・パピヨン,如月千早,"まるで蝶のように美しく軽やかに
光へと向かって羽ばたいていく
少女たち。誰も見たことのない
高みへ、さあ…一緒に行こう！",costume_12,ex012,2019-07-01T00:00:00+09:00,2nd
28,ルミエール・パピヨン+,如月千早,"「ルミエール・パピヨン」の
アナザー衣装です。",costume_12_v,ex112,2019-07-01T00:00:00+09:00,2nd
29,クリアレスト・エコー,如月千早,"海の魔女さえも魅了するという、
蒼い人魚の歌声。その透き通った
メロディは、今夜も水平線を越え
遠く、貴方の街へと届くだろう。",002chi0124,ss003,2019-07-03T15:00:00+09:00,恒常SSR
30,クリアレスト・エコー+,如月千早,"「クリアレスト・エコー」の
アナザー衣装です。",002chi0124_v,ss103,2019-07-03T15:00:00+09:00,恒常SSR
31,エンド・オブ・ウルフ,如月千早,"荒廃した近未来の世界…。文明は
砂に埋もれ、人々は傷つけあう。
…そんな時代でも、世界を、
希望を、諦めない者たちがいる！",002chi0153,sr068,2019-10-20T15:00:00+09:00,PST
32,エンド・オブ・ウルフ+,如月千早,"「エンド・オブ・ウルフ」の
アナザー衣装です。",002chi0153_v,sr168,2019-10-20T15:00:00+09:00,PST
33,ブロッサム・ウェーブ,如月千早,"川を撫でる春の風に小舟を揺られ
ながら、その桜色の唇で、少女は
穏やかに歌を口ずさむ。この声を
あなたはどうか、覚えていて…。",002chi0174,ss005,2020-04-02T15:00:00+09:00,限定SSR
34,ブロッサム・ウェーブ+,如月千早,"「ブロッサム・ウェーブ」の
アナザー衣装です。",002chi0174_v,ss105,2020-04-02T15:00:00+09:00,限定SSR
35,ミルキーハレーション,星井美希,"眩しく、そして優しく放つ光を、
柔らかなフリルで表現しました。
いつも頑張るあなたの疲れた心、
優しい光で癒されてみない…？",003mik0043,sr013,2018-03-03T15:00:00+09:00,PST
36,ミルキーハレーション+,星井美希,"「ミルキーハレーション」の
アナザー衣装です。",003mik0043_v,sr113,2018-03-03T15:00:00+09:00,PST
37,スパークリング・ジェム,星井美希,"いつだってキラキラでいたい！
そんなワガママガールの魅惑的な
ドレス☆…ほらね？キミの視線は
もうあの子のモノだから…♪",003mik0054,ss001,2018-05-31T15:00:00+09:00,恒常SSR
38,スパークリング・ジェム+,星井美希,"「スパークリング・ジェム」の
アナザー衣装です。",003mik0054_v,ss101,2018-05-31T15:00:00+09:00,恒常SSR
39,ヌーベル・トリコロール,星井美希,"純粋に広がる夢をイメージした白
に、特別な3つの色をあしらいま
した。3つの新しい輝きが、支え
合うように互いを照らします。",costume_07,ex007,2018-06-29T00:00:00+09:00,1st
40,ヌーベル・トリコロール+,星井美希,"「ヌーベル・トリコロール」の
アナザー衣装です。",costume_07_v,ex107,2018-06-29T00:00:00+09:00,1st
41,グレイッシュバタフライ,星井美希,"クールでスタイリッシュな衣装を
身にまとい、蝶のようにひらひら
舞う彼女。その魅力に、とことん
振り回されるのも悪くないかも？",003mik0084,ss002,2019-01-12T15:00:00+09:00,限定SSR
42,グレイッシュバタフライ+,星井美希,"「グレイッシュバタフライ」の
アナザー衣装です。",003mik0084_v,ss102,2019-01-12T15:00:00+09:00,限定SSR
43,ライトオブウィッシュズ,星井美希,"煌めく星の光をイメージした
ステージ衣装。昼と夜の狭間で
輝き始める一番星に少女は美しく
希望に満ちた目で微笑みます。",003mik0094,ss003,2019-03-29T15:00:00+09:00,FES
44,ライトオブウィッシュズ+,星井美希,"「ライトオブウィッシュズ」の
アナザー衣装です。",003mik0094_v,ss103,2019-03-29T15:00:00+09:00,FES
45,ルミエール・パピヨン,星井美希,"まるで蝶のように美しく軽やかに
光へと向かって羽ばたいていく
少女たち。誰も見たことのない
高みへ、さあ…一緒に行こう！",costume_12,ex012,2019-07-01T00:00:00+09:00,2nd
46,ルミエール・パピヨン+,星井美希,"「ルミエール・パピヨン」の
アナザー衣装です。",costume_12_v,ex112,2019-07-01T00:00:00+09:00,2nd
47,ジュニアハイスクールメイト,星井美希,"少し大きめの制服に袖を通して、
ちょっとお姉さんになりました。
部活に勉強…『新しい』って、
大変だけど、とっても楽しい！",srufs049,sr049,2019-09-11T15:00:00+09:00,SR
48,ネイキッド・ピュアハート,星井美希,"彼女の飾らない本当のキモチを
映し出すような、愛らしい衣装。
チョコより甘くて幸せな時間、
あなたも一緒に溺れてみない？",003mik0164,ss005,2020-01-31T15:00:00+09:00,限定SSR
49,ネイキッド・ピュアハート+,星井美希,"「ネイキッド・ピュアハート」の
アナザー衣装です。",003mik0164_v,ss105,2020-01-31T15:00:00+09:00,限定SSR
50,ホワイトスノークリスタル,萩原雪歩,"雪のクリスタルがあしらわれた、
上品なドレス。光が触れると、
まるで雪のプリンセスのように
きらめきを降り注ぎます。",004yuk0044,ss001,2017-11-30T15:00:00+09:00,恒常SSR
51,ホワイトスノークリスタル+,萩原雪歩,"「ホワイトスノークリスタル」の
アナザー衣装です。",004yuk0044_v,ss101,2017-11-30T15:00:00+09:00,恒常SSR
52,ホワイトスノークリスタル++,萩原雪歩,"「ホワイトスノークリスタル」の
アナザー2衣装です。",004yuk0044_v2,ss201,2017-11-30T15:00:00+09:00,恒常SSR
53,ヌーベル・トリコロール,萩原雪歩,"純粋に広がる夢をイメージした白
に、特別な3つの色をあしらいま
した。3つの新しい輝きが、支え
合うように互いを照らします。",costume_07,ex007,2018-06-29T00:00:00+09:00,1st
54,ヌーベル・トリコロール+,萩原雪歩,"「ヌーベル・トリコロール」の
アナザー衣装です。",costume_07_v,ex107,2018-06-29T00:00:00+09:00,1st
55,ダークネスナイトメア,萩原雪歩,"闇に潜んでいた孤独と悲しみが
作り出した漆黒の衣装。闇に愛さ
れしものは、終わらない痛みを
胸に抱きながら静かに微笑む…。",004yuk0084,ss002,2018-07-12T15:00:00+09:00,限定SSR
56,ダークネスナイトメア+,萩原雪歩,"「ダークネスナイトメア」の
アナザー衣装です。",004yuk0084_v,ss102,2018-07-12T15:00:00+09:00,限定SSR
57,リラックスジャスミン,萩原雪歩,"優しく上品な甘い香りが漂う、
爽やかな初夏の日には、安らぎの
ジャスミンのドレスを身に纏い、
癒しの時間を貴方と過ごしたい…",004yuk0104,ss003,2019-04-30T15:00:00+09:00,恒常SSR
58,リラックスジャスミン+,萩原雪歩,"「リラックスジャスミン」の
アナザー衣装です。",004yuk0104_v,ss103,2019-04-30T15:00:00+09:00,恒常SSR
59,ルミエール・パピヨン,萩原雪歩,"まるで蝶のように美しく軽やかに
光へと向かって羽ばたいていく
少女たち。誰も見たことのない
高みへ、さあ…一緒に行こう！",costume_12,ex012,2019-07-01T00:00:00+09:00,2nd
60,ルミエール・パピヨン+,萩原雪歩,"「ルミエール・パピヨン」の
アナザー衣装です。",costume_12_v,ex112,2019-07-01T00:00:00+09:00,2nd
61,シークレットリップ,萩原雪歩,"ドキッとするような服を着た彼女
にはキュートな角が生えている。
魅惑の唇があなたの耳元で密かに
囁く。「ねえ…キス、しよ？」",004yuk0133,sr060,2019-08-21T15:00:00+09:00,PST
62,シークレットリップ+,萩原雪歩,"「シークレットリップ」の
アナザー衣装です。",004yuk0133_v,sr160,2019-08-21T15:00:00+09:00,PST
63,ウィア・オールライト,萩原雪歩,"誰もが、なりたい自分になって
いい。だけど、どうしても一歩を
踏み出す勇気が出ないときは、
あの魔法の言葉を口にしてみて。",004yuk0144,ss004,2019-12-17T15:00:00+09:00,限定SSR
64,ウィア・オールライト+,萩原雪歩,"「ウィア・オールライト」の
アナザー衣装です。",004yuk0144_v,ss104,2019-12-17T15:00:00+09:00,限定SSR
65,ハイスクールメイト,萩原雪歩,"恋に友情、バイトに勉強。１日
２４時間だけじゃ全然足りない！
オトナが言う『一度きりの青春』
思いっきり楽しんでます☆",srufs045,sr045,2020-02-11T15:00:00+09:00,SR
66,おやすみパジャマ,高槻やよい,"夜空に浮かぶフワフワな雲の上で
みんなで一緒におやすみなさい♪
今日の夢はどんな色だろう…？
夢の中でもいっぱい遊ぼうね☆",005yay0033,sr002,2017-09-08T15:00:00+09:00,PST
67,おやすみパジャマ+,高槻やよい,"「おやすみパジャマ」の
アナザー衣装です。",005yay0033_v,sr102,2017-09-08T15:00:00+09:00,PST
68,ポッピンシュガーコズミック,高槻やよい,"爽やかなオレンジが眩しい衣装。
散りばめられた色とりどりの星が
まるで太陽が照らす宇宙のように
ワクワクする空間を演出します。",005yay0054,ss001,2018-04-30T15:00:00+09:00,恒常SSR
69,ポッピンシュガーコズミック+,高槻やよい,"「ポッピンシュガーコズミック」
のアナザー衣装です。",005yay0054_v,ss101,2018-04-30T15:00:00+09:00,恒常SSR
70,ヌーベル・トリコロール,高槻やよい,"純粋に広がる夢をイメージした白
に、特別な3つの色をあしらいま
した。3つの新しい輝きが、支え
合うように互いを照らします。",costume_07,ex007,2018-06-29T00:00:00+09:00,1st
71,ヌーベル・トリコロール+,高槻やよい,"「ヌーベル・トリコロール」の
アナザー衣装です。",costume_07_v,ex107,2018-06-29T00:00:00+09:00,1st
72,サンセットノスタルジア,高槻やよい,"目の前に広がるのは一面の紅葉…
どこか郷愁を誘う秋色のドレス。
歌い踊る姿は、元気でかわいい
もみじの妖精のよう！",005yay0084,ss002,2018-09-28T15:00:00+09:00,FES
73,サンセットノスタルジア+,高槻やよい,"「サンセットノスタルジア」の
アナザー衣装です。",005yay0084_v,ss102,2018-09-28T15:00:00+09:00,FES
74,エンジェル・オン・アイス,高槻やよい,"ふわふわ粉雪がテーマの衣装。
天使が落とした羽根のように
冬の空を軽やかに舞いながら、
見る人の心を弾ませます♪",005yay0094,ss003,2018-12-12T21:00:00+09:00,限定SSR
75,エンジェル・オン・アイス+,高槻やよい,"「エンジェル・オン・アイス」の
アナザー衣装です。",005yay0094_v,ss103,2018-12-12T21:00:00+09:00,限定SSR
76,ルミエール・パピヨン,高槻やよい,"まるで蝶のように美しく軽やかに
光へと向かって羽ばたいていく
少女たち。誰も見たことのない
高みへ、さあ…一緒に行こう！",costume_12,ex012,2019-07-01T00:00:00+09:00,2nd
77,ルミエール・パピヨン+,高槻やよい,"「ルミエール・パピヨン」の
アナザー衣装です。",costume_12_v,ex112,2019-07-01T00:00:00+09:00,2nd
78,ファイン・スカイブルー,高槻やよい,"爽快なホワイトブルーに、陽気な
オレンジカラーがアクセントの
スポーティなアイドル衣装です。
みんなで踊って、みんなで笑お☆",005yay0124,ss004,2019-09-11T15:00:00+09:00,恒常SSR
79,ファイン・スカイブルー+,高槻やよい,"「ファイン・スカイブルー」の
アナザー衣装です。",005yay0124_v,ss104,2019-09-11T15:00:00+09:00,恒常SSR
80,ジュニアハイスクールメイト,高槻やよい,"少し大きめの制服に袖を通して、
ちょっとお姉さんになりました。
部活に勉強…『新しい』って、
大変だけど、とっても楽しい！",srufs049,sr049,2020-02-29T15:00:00+09:00,SR
81,シンシアリー・マリーヌ,菊地真,"パンツスタイルの上品な衣装。
黒と紫の上品な色合いが、優雅な
ステージを魅力的に演出します。
そして今宵も貴方へ心を込めて。",006mak0054,ss001,2018-02-28T15:00:00+09:00,恒常SSR
82,シンシアリー・マリーヌ+,菊地真,"「シンシアリー・マリーヌ」の
アナザー衣装です。",006mak0054_v,ss101,2018-02-28T15:00:00+09:00,恒常SSR
83,シンシアリー・マリーヌ++,菊地真,"「シンシアリー・マリーヌ」の
アナザー2衣装です。",006mak0054_v2,ss201,2018-02-28T15:00:00+09:00,恒常SSR
84,ヌーベル・トリコロール,菊地真,"純粋に広がる夢をイメージした白
に、特別な3つの色をあしらいま
した。3つの新しい輝きが、支え
合うように互いを照らします。",costume_07,ex007,2018-06-29T00:00:00+09:00,1st
85,ヌーベル・トリコロール+,菊地真,"「ヌーベル・トリコロール」の
アナザー衣装です。",costume_07_v,ex107,2018-06-29T00:00:00+09:00,1st
86,ライオネスホワイティア,菊地真,"その輝く白い衣装は、数多の獣を
統べる誇り高き王のためのもの。
麗しくも鋭い眼光にさらされた時
全ての野生がひれ伏すという。",006mak0084,ss002,2018-10-12T15:00:00+09:00,限定SSR
87,ライオネスホワイティア+,菊地真,"「ライオネスホワイティア」の
アナザー衣装です。",006mak0084_v,ss102,2018-10-12T15:00:00+09:00,限定SSR
88,バイオレント・デザイア,菊地真,"この身の奥から湧いてくる破壊の
衝動は何処から来たものなのか…
それを知らぬまま、無情な女神は
ただ目に映る全てを灰燼に帰す。",006mak0094,ss003,2019-04-02T15:00:00+09:00,恒常SSR
89,バイオレント・デザイア+,菊地真,"「バイオレント・デザイア」の
アナザー衣装です。",006mak0094_v,ss103,2019-04-02T15:00:00+09:00,恒常SSR
90,ルミエール・パピヨン,菊地真,"まるで蝶のように美しく軽やかに
光へと向かって羽ばたいていく
少女たち。誰も見たことのない
高みへ、さあ…一緒に行こう！",costume_12,ex012,2019-07-01T00:00:00+09:00,2nd
91,ルミエール・パピヨン+,菊地真,"「ルミエール・パピヨン」の
アナザー衣装です。",costume_12_v,ex112,2019-07-01T00:00:00+09:00,2nd
92,エンド・オブ・マッドドッグ,菊地真,"アウトレイジ軍特攻隊長の戦闘
衣装。主人より下された命令が、
正しいかどうかは関係ない。
ただ、己は、忠義を尽くすのみ！",006mak0114,ss004,2019-10-20T15:00:00+09:00,恒常SSR
93,エンド・オブ・マッドドッグ+,菊地真,"「エンド・オブ・マッドドッグ」
のアナザー衣装です。",006mak0114_v,ss104,2019-10-20T15:00:00+09:00,恒常SSR
94,ハイスクールメイト,菊地真,"恋に友情、バイトに勉強。１日
２４時間だけじゃ全然足りない！
オトナが言う『一度きりの青春』
思いっきり楽しんでます☆",srufs045,sr045,2020-01-20T15:00:00+09:00,SR
95,グローバル・フライト,菊地真,"地球のどこだって、全力で踊れば
そこはボク達のステージ！
ボルテージを高め気分は最高潮！
さあ！一緒にタオルを回そう！",006mak0133,sr079,2020-03-02T15:00:00+09:00,PST
96,グローバル・フライト+,菊地真,"「グローバル・フライト」の
アナザー衣装です。",006mak0133_v,sr179,2020-03-02T15:00:00+09:00,PST
97,キューティーリトルウィッチ,水瀬伊織,"女の子は可愛いだけじゃダメ♪
ピンクにブラックを添えて
ちょっぴり大人に変身したら、
今宵はどの子を誘惑しちゃう？",007ior0044,ss001,2017-09-30T15:00:00+09:00,恒常SSR
98,キューティーリトルウィッチ+,水瀬伊織,"「キューティーリトルウィッチ」
のアナザー衣装です。",007ior0044_v,ss101,2017-09-30T15:00:00+09:00,恒常SSR
99,キューティーリトルウィッチ++,水瀬伊織,"「キューティーリトルウィッチ」
のアナザー2衣装です。",007ior0044_v2,ss201,2017-09-30T15:00:00+09:00,恒常SSR
100,レジェンダリースタイル,水瀬伊織,"力強い緑を基調としたドレス。
星のように輝く彼女達は、
まるで夜空に輝くエメラルド。
みんなを優しく見守っています。",007ior0053,sr011,2018-01-31T15:00:00+09:00,PST
101,レジェンダリースタイル+,水瀬伊織,"「レジェンダリースタイル」の
アナザー衣装です。",007ior0053_v,sr111,2018-01-31T15:00:00+09:00,PST
102,ローズシャワー・セレブレイト,水瀬伊織,"踊るたびにバラの香りが漂う、
キュートでエレガントなドレス。
まるで、降り注ぐバラの花びら
たちが祝福しているかのよう。",007ior0064,ss002,2018-05-11T15:00:00+09:00,限定SSR
103,ローズシャワー・セレブレイト+,水瀬伊織,"「ローズシャワー・セレブレイト
」のアナザー衣装です。",007ior0064_v,ss102,2018-05-11T15:00:00+09:00,限定SSR
104,ヌーベル・トリコロール,水瀬伊織,"純粋に広がる夢をイメージした白
に、特別な3つの色をあしらいま
した。3つの新しい輝きが、支え
合うように互いを照らします。",costume_07,ex007,2018-06-29T00:00:00+09:00,1st
105,ヌーベル・トリコロール+,水瀬伊織,"「ヌーベル・トリコロール」の
アナザー衣装です。",costume_07_v,ex107,2018-06-29T00:00:00+09:00,1st
106,アルテミス・ウサチャン,水瀬伊織,"降り注ぐ月光はステージライト。
月明かりに誘われて跳ねる可愛い
うさぎと、幻想的な月夜の光景を
表現したロマンティックな衣装。",007ior0084,ss003,2018-09-28T15:00:00+09:00,FES
107,アルテミス・ウサチャン+,水瀬伊織,"「アルテミス・ウサチャン」の
アナザー衣装です。",007ior0084_v,ss103,2018-09-28T15:00:00+09:00,FES
108,ジュニアハイスクールメイト,水瀬伊織,"少し大きめの制服に袖を通して、
ちょっとお姉さんになりました。
部活に勉強…『新しい』って、
大変だけど、とっても楽しい！",srufs049,sr049,2019-04-19T15:00:00+09:00,SR
109,ルミエール・パピヨン,水瀬伊織,"まるで蝶のように美しく軽やかに
光へと向かって羽ばたいていく
少女たち。誰も見たことのない
高みへ、さあ…一緒に行こう！",costume_12,ex012,2019-07-01T00:00:00+09:00,2nd
110,ルミエール・パピヨン+,水瀬伊織,"「ルミエール・パピヨン」の
アナザー衣装です。",costume_12_v,ex112,2019-07-01T00:00:00+09:00,2nd
111,ニューエイジ・スタア,水瀬伊織,"和洋の伝統がまじり合う大正の
舞台でひときわ輝く若手スタア。
無二の煌めきは、まるで新たな
時代の幕開けを告げているよう。",007ior0144,ss004,2019-11-09T15:00:00+09:00,限定SSR
112,ニューエイジ・スタア+,水瀬伊織,"「ニューエイジ・スタア」の
アナザー衣装です。",007ior0144_v,ss104,2019-11-09T15:00:00+09:00,限定SSR
113,プレイバック・ウィークデイ,水瀬伊織,"過去と今は繋がっているから。
レッドカーペットのような気高い
ドレスの少女は、輝く未来をも
そのフィルムに焼き付けていく。",007ior0154,ss005,2020-05-11T15:00:00+09:00,恒常SSR
114,プレイバック・ウィークデイ+,水瀬伊織,"「プレイバック・ウィークデイ」
のアナザー衣装です。",007ior0154_v,ss105,2020-05-11T15:00:00+09:00,恒常SSR
115,トワイライトエタニティ,四条貴音,"夕暮れと夜の幻想的なドレス。
妖艶な空も、ミステリアスな表情
も、トワイライトの一瞬だけ。
だから目を逸らさないで…。",008tak0034,ss001,2017-07-13T15:00:00+09:00,恒常SSR
116,トワイライトエタニティ+,四条貴音,"「トワイライトエタニティ」の
アナザー衣装です。",008tak0034_v,ss101,2017-07-13T15:00:00+09:00,恒常SSR
117,トワイライトエタニティ++,四条貴音,"「トワイライトエタニティ」の
アナザー2衣装です。",008tak0034_v2,ss201,2017-07-13T15:00:00+09:00,恒常SSR
118,ビューティーフローズン,四条貴音,"真っ白な雪の世界を連想させる、
魅惑的なドレス。穏やかに溶け
込んだ、神秘的なアイスブルーに
きっと癒されることでしょう。",008tak0054,ss002,2018-02-11T15:00:00+09:00,限定SSR
119,ビューティーフローズン+,四条貴音,"「ビューティーフローズン」の
アナザー衣装です。",008tak0054_v,ss102,2018-02-11T15:00:00+09:00,限定SSR
120,ビューティーフローズン++,四条貴音,"「ビューティーフローズン」の
アナザー2衣装です。",008tak0054_v2,ss202,2018-02-11T15:00:00+09:00,限定SSR
121,ヌーベル・トリコロール,四条貴音,"純粋に広がる夢をイメージした白
に、特別な3つの色をあしらいま
した。3つの新しい輝きが、支え
合うように互いを照らします。",costume_07,ex007,2018-06-29T00:00:00+09:00,1st
122,ヌーベル・トリコロール+,四条貴音,"「ヌーベル・トリコロール」の
アナザー衣装です。",costume_07_v,ex107,2018-06-29T00:00:00+09:00,1st
123,ライトオブノーブルス,四条貴音,"気高い月の光をイメージした
ステージ衣装。それは夜の暗闇を
照らす貴き音色となり、遥か遠く
の同胞に届く希望となるだろう。",008tak0094,ss003,2019-03-29T15:00:00+09:00,FES
124,ライトオブノーブルス+,四条貴音,"「ライトオブノーブルス」の
アナザー衣装です。",008tak0094_v,ss103,2019-03-29T15:00:00+09:00,FES
125,ルミエール・パピヨン,四条貴音,"まるで蝶のように美しく軽やかに
光へと向かって羽ばたいていく
少女たち。誰も見たことのない
高みへ、さあ…一緒に行こう！",costume_12,ex012,2019-07-01T00:00:00+09:00,2nd
126,ルミエール・パピヨン+,四条貴音,"「ルミエール・パピヨン」の
アナザー衣装です。",costume_12_v,ex112,2019-07-01T00:00:00+09:00,2nd
127,カレッジメイト,四条貴音,"オトナなスーツで身を包んだら
何だかキリッとした気分。今より
少し未来で私を待っている、
ステキな夢に向かって一歩前進！",srufs051,sr051,2019-07-03T15:00:00+09:00,SR
128,レディ・アルカード,四条貴音,"麗しきヴァンパイアの女王は、
今宵も甘美な赤い雫で喉を潤す。
見初めた少女の白い首筋に、
真珠のごとき牙を突き立てて…。",008tak0124,ss004,2019-10-01T15:00:00+09:00,恒常SSR
129,レディ・アルカード+,四条貴音,"「レディ・アルカード」の
アナザー衣装です。",008tak0124_v,ss104,2019-10-01T15:00:00+09:00,恒常SSR
130,スター・シスターズ,四条貴音,"あなたの瞳に、蒼く美しい冬空で
ひときわ輝く星を見つけました。
私の瞳にもあなたのように、あの
星がうつっているのでしょうか？",008tak0133,sr074,2019-12-01T15:00:00+09:00,PST
131,スター・シスターズ+,四条貴音,"「スター・シスターズ」の
アナザー衣装です。",008tak0133_v,sr174,2019-12-01T15:00:00+09:00,PST
132,グリーンノーブルレディ,秋月律子,"知的なグリーンをクラシカルに
まとめた上品なドレス。小さな
ハットが、レディが持つキュート
な少女の心を表現しています。",009rit0064,ss001,2018-03-31T15:00:00+09:00,恒常SSR
133,グリーンノーブルレディ+,秋月律子,"「グリーンノーブルレディ」の
アナザー衣装です。",009rit0064_v,ss101,2018-03-31T15:00:00+09:00,恒常SSR
134,グリーンノーブルレディ++,秋月律子,"「グリーンノーブルレディ」の
アナザー2衣装です。",009rit0064_v2,ss201,2018-03-31T15:00:00+09:00,恒常SSR
135,ヌーベル・トリコロール,秋月律子,"純粋に広がる夢をイメージした白
に、特別な3つの色をあしらいま
した。3つの新しい輝きが、支え
合うように互いを照らします。",costume_07,ex007,2018-06-29T00:00:00+09:00,1st
136,ヌーベル・トリコロール+,秋月律子,"「ヌーベル・トリコロール」の
アナザー衣装です。",costume_07_v,ex107,2018-06-29T00:00:00+09:00,1st
137,モダンガール・メモリーズ,秋月律子,"懐かしいのに新しい淑女の装いが
貴方を思い出の世界に誘います。
いつの世も時代を変えるのは、
知性とセンス。そして、行動力。",009rit0084,ss002,2018-11-13T15:00:00+09:00,限定SSR
138,モダンガール・メモリーズ+,秋月律子,"「モダンガール・メモリーズ」の
アナザー衣装です。",009rit0084_v,ss102,2018-11-13T15:00:00+09:00,限定SSR
139,ルミエール・パピヨン,秋月律子,"まるで蝶のように美しく軽やかに
光へと向かって羽ばたいていく
少女たち。誰も見たことのない
高みへ、さあ…一緒に行こう！",costume_12,ex012,2019-07-01T00:00:00+09:00,2nd
140,ルミエール・パピヨン+,秋月律子,"「ルミエール・パピヨン」の
アナザー衣装です。",costume_12_v,ex112,2019-07-01T00:00:00+09:00,2nd
141,ガーリーマインド,秋月律子,"キミの一挙一動に一喜一憂
しちゃう。こんな自分はハジメテ
なの…。ベイビー、おねがい。
私のこと、ちゃんと見ていて？",009rit0113,sr064,2019-10-03T15:00:00+09:00,PST
142,ガーリーマインド+,秋月律子,"「ガーリーマインド」の
アナザー衣装です。",009rit0113_v,sr164,2019-10-03T15:00:00+09:00,PST
143,ホワイトフェザー・クイーン,秋月律子,"天使のような純白のドレス衣装と
信頼できる仲間とともに、晴れの
大舞台に臨みます。さあ、私たち
のベストをお見せしましょう…！",009rit0124,ss003,2019-12-09T15:00:00+09:00,恒常SSR
144,ホワイトフェザー・クイーン+,秋月律子,"「ホワイトフェザー・クイーン」
のアナザー衣装です。",009rit0124_v,ss103,2019-12-09T15:00:00+09:00,恒常SSR
145,カレッジメイト,秋月律子,"オトナなスーツで身を包んだら
何だかキリッとした気分。今より
少し未来で私を待っている、
ステキな夢に向かって一歩前進！",srufs051,sr051,2020-02-18T15:00:00+09:00,SR
146,ロマンティックバイオレット,三浦あずさ,"つい見とれてしまう誘惑の紫。
ダンスに合わせて揺れるチャーム
が、ゆったりとした甘美な一時を
優雅に演出します。",010azu0034,ss001,2017-07-31T15:00:00+09:00,恒常SSR
147,ロマンティックバイオレット+,三浦あずさ,"「ロマンティックバイオレット」
のアナザー衣装です。",010azu0034_v,ss101,2017-07-31T15:00:00+09:00,恒常SSR
148,ロマンティックバイオレット++,三浦あずさ,"「ロマンティックバイオレット」
のアナザー2衣装です。",010azu0034_v2,ss201,2017-07-31T15:00:00+09:00,恒常SSR
149,バリスタブラウン,三浦あずさ,"コーヒー色のキュートな衣装。
美味しさの秘訣は魅力と鮮度♪
挽きたての歌を届けて、貴方の
心も体もホッと温めます…。",010azu0064,ss002,2018-03-14T15:00:00+09:00,限定SSR
150,バリスタブラウン+,三浦あずさ,"「バリスタブラウン」の
アナザー衣装です。",010azu0064_v,ss102,2018-03-14T15:00:00+09:00,限定SSR
151,バリスタブラウン++,三浦あずさ,"「バリスタブラウン」の
アナザー2衣装です。",010azu0064_v2,ss202,2018-03-14T15:00:00+09:00,限定SSR
152,ヌーベル・トリコロール,三浦あずさ,"純粋に広がる夢をイメージした白
に、特別な3つの色をあしらいま
した。3つの新しい輝きが、支え
合うように互いを照らします。",costume_07,ex007,2018-06-29T00:00:00+09:00,1st
153,ヌーベル・トリコロール+,三浦あずさ,"「ヌーベル・トリコロール」の
アナザー衣装です。",costume_07_v,ex107,2018-06-29T00:00:00+09:00,1st
154,ミスティック・アズール,三浦あずさ,"氷雪を想起させるミステリアスな
ドレス。雪の女王の透き通った
美しい旋律は、あなたを幻想と
神秘の世界へ導くことでしょう。",010azu0104,ss003,2018-12-19T15:00:00+09:00,恒常SSR
155,ミスティック・アズール+,三浦あずさ,"「ミスティック・アズール」の
アナザー衣装です。",010azu0104_v,ss103,2018-12-19T15:00:00+09:00,恒常SSR
156,オフィスメイト,三浦あずさ,"胸に抱いたキラキラした希望は、
ずっと忘れない宝物だから…。
これからも、たくさん悩んで
いっぱい笑って歩いて行こう！",srufs052,sr052,2019-06-19T15:00:00+09:00,SR
157,ルミエール・パピヨン,三浦あずさ,"まるで蝶のように美しく軽やかに
光へと向かって羽ばたいていく
少女たち。誰も見たことのない
高みへ、さあ…一緒に行こう！",costume_12,ex012,2019-07-01T00:00:00+09:00,2nd
158,ルミエール・パピヨン+,三浦あずさ,"「ルミエール・パピヨン」の
アナザー衣装です。",costume_12_v,ex112,2019-07-01T00:00:00+09:00,2nd
159,ラブリーエブリデイ,三浦あずさ,"占いの結果はいつも同じ。だから
信じてしまう。願ってしまう。
貴方が本当に、私の運命の人なら
いいのになぁ、って…♡",010azu0144,ss004,2019-11-17T15:00:00+09:00,限定SSR
160,ラブリーエブリデイ+,三浦あずさ,"「ラブリーエブリデイ」の
アナザー衣装です。",010azu0144_v,ss104,2019-11-17T15:00:00+09:00,限定SSR
161,フォー・ディーヴァ,三浦あずさ,"静寂の森に響き渡る美しき調べは
歌の女神たちの透明な歌声。耳を
すませば、ほら…生きとし生ける
ものを讃え、癒す音色が……。",010azu0153,sr075,2019-12-17T15:00:00+09:00,PST
162,フォー・ディーヴァ+,三浦あずさ,"「フォー・ディーヴァ」の
アナザー衣装です。",010azu0153_v,sr175,2019-12-17T15:00:00+09:00,PST
163,ポッピン☆レモンスター,双海亜美,"レモンイエローはスターの証！
まるで宇宙へ旅立てそうな爽やか
さは、すべての人の心を掴んで
夢のひとときへと誘うでしょう。",011ami0044,ss001,2017-10-31T15:00:00+09:00,恒常SSR
164,ポッピン☆レモンスター+,双海亜美,"「ポッピン☆レモンスター」の
アナザー衣装です。",011ami0044_v,ss101,2017-10-31T15:00:00+09:00,恒常SSR
165,ポッピン☆レモンスター++,双海亜美,"「ポッピン☆レモンスター」の
アナザー2衣装です。",011ami0044_v2,ss201,2017-10-31T15:00:00+09:00,恒常SSR
166,カントリー・フラッパー,双海亜美,"ステップに合わせて揺れる
フリルが可愛い看板娘のドレス。
陽気な音楽に合わせて、今宵も
楽しく踊り明かしましょ♪",011ami0074,ss002,2018-06-12T15:00:00+09:00,限定SSR
167,カントリー・フラッパー+,双海亜美,"「カントリー・フラッパー」の
アナザー衣装です。",011ami0074_v,ss102,2018-06-12T15:00:00+09:00,限定SSR
168,ヌーベル・トリコロール,双海亜美,"純粋に広がる夢をイメージした白
に、特別な3つの色をあしらいま
した。3つの新しい輝きが、支え
合うように互いを照らします。",costume_07,ex007,2018-06-29T00:00:00+09:00,1st
169,ヌーベル・トリコロール+,双海亜美,"「ヌーベル・トリコロール」の
アナザー衣装です。",costume_07_v,ex107,2018-06-29T00:00:00+09:00,1st
170,桃花♡HINA♡ARARE,双海亜美,"お内裏様もうっとり見惚れちゃう
メチャイケ・キュートなお雛様♡
おすまし顔なんてつまんない！
テンションアゲアゲでお祭りだ☆",011ami0104,ss003,2019-02-28T15:00:00+09:00,恒常SSR
171,桃花♡HINA♡ARARE+,双海亜美,"「桃花♡HINA♡ARARE」の
アナザー衣装です。",011ami0104_v,ss103,2019-02-28T15:00:00+09:00,恒常SSR
172,ルミエール・パピヨン,双海亜美,"まるで蝶のように美しく軽やかに
光へと向かって羽ばたいていく
少女たち。誰も見たことのない
高みへ、さあ…一緒に行こう！",costume_12,ex012,2019-07-01T00:00:00+09:00,2nd
173,ルミエール・パピヨン+,双海亜美,"「ルミエール・パピヨン」の
アナザー衣装です。",costume_12_v,ex112,2019-07-01T00:00:00+09:00,2nd
174,ジュニアハイスクールメイト,双海亜美,"少し大きめの制服に袖を通して、
ちょっとお姉さんになりました。
部活に勉強…『新しい』って、
大変だけど、とっても楽しい！",srufs049,sr049,2019-10-12T15:00:00+09:00,SR
175,グッディ・バッドガール,双海亜美,"授業なんてタイクツ！？やっぱり
毎日楽しまなくっちゃ！いつもの
学校をステージに変えて熱く歌う
から、目に焼き付けてよねっ！",011ami0134,ss004,2020-02-18T15:00:00+09:00,限定SSR
176,グッディ・バッドガール+,双海亜美,"「グッディ・バッドガール」の
アナザー衣装です。",011ami0134_v,ss104,2020-02-18T15:00:00+09:00,限定SSR
177,ワンダリング◎バルーン,双海亜美,"大空と虹の色を取り入れた、
キュートなパフスリーブ衣装。
風船に乗ってもっとも～っと、
空より高い所、目指しちゃうよ！",011ami0153,sr061,2020-05-02T15:00:00+09:00,PST
178,ワンダリング◎バルーン+,双海亜美,"「ワンダリング◎バルーン」の
アナザー衣装です。",011ami0153_v,sr161,2020-05-02T15:00:00+09:00,PST
179,ミックスモノクローム,双海真美,"金色のリーフを上品に引き立たせ
るブラック＆ホワイト。リボンに
包まれた彼女たちの心は、色とり
どりの色彩を放つ宝石箱！",012mam0033,sr007,2017-12-04T15:00:00+09:00,PST
180,ミックスモノクローム+,双海真美,"「ミックスモノクローム」の
アナザー衣装です。",012mam0033_v,sr107,2017-12-04T15:00:00+09:00,PST
181,フレッシュ☆シトロン,双海真美,"ビタミンカラーがまぶしい衣装。
まるでシトロンのような爽やかさ
に、キラリと星を散りばめて
今日も元気いっぱいアピール！",012mam0044,ss001,2018-01-31T15:00:00+09:00,恒常SSR
182,フレッシュ☆シトロン+,双海真美,"「フレッシュ☆シトロン」の
アナザー衣装です。",012mam0044_v,ss101,2018-01-31T15:00:00+09:00,恒常SSR
183,フレッシュ☆シトロン++,双海真美,"「フレッシュ☆シトロン」の
アナザー2衣装です。",012mam0044_v2,ss201,2018-01-31T15:00:00+09:00,恒常SSR
184,ヌーベル・トリコロール,双海真美,"純粋に広がる夢をイメージした白
に、特別な3つの色をあしらいま
した。3つの新しい輝きが、支え
合うように互いを照らします。",costume_07,ex007,2018-06-29T00:00:00+09:00,1st
185,ヌーベル・トリコロール+,双海真美,"「ヌーベル・トリコロール」の
アナザー衣装です。",costume_07_v,ex107,2018-06-29T00:00:00+09:00,1st
186,ワクワク☆ジャパネスク,双海真美,"男子の平安装束、童水干を
イメージした個性的なドレス。
橋の上の牛若丸のように、ひらり
軽やかに舞い踊っちゃうよ～☆",012mam0084,ss002,2018-09-12T15:00:00+09:00,限定SSR
187,ワクワク☆ジャパネスク+,双海真美,"「ワクワク☆ジャパネスク」の
アナザー衣装です。",012mam0084_v,ss102,2018-09-12T15:00:00+09:00,限定SSR
188,スカイハイプリンス,双海真美,"パワフルチャーミングな王子様の
原動力は、無限大の好奇心。
チャレンジはチャンス！一緒に
『楽しい』の一等賞を目指そう☆",012mam0114,ss003,2019-04-11T15:00:00+09:00,恒常SSR
189,スカイハイプリンス+,双海真美,"「スカイハイプリンス」の
アナザー衣装です。",012mam0114_v,ss103,2019-04-11T15:00:00+09:00,恒常SSR
190,ルミエール・パピヨン,双海真美,"まるで蝶のように美しく軽やかに
光へと向かって羽ばたいていく
少女たち。誰も見たことのない
高みへ、さあ…一緒に行こう！",costume_12,ex012,2019-07-01T00:00:00+09:00,2nd
191,ルミエール・パピヨン+,双海真美,"「ルミエール・パピヨン」の
アナザー衣装です。",costume_12_v,ex112,2019-07-01T00:00:00+09:00,2nd
192,ジュニアハイスクールメイト,双海真美,"少し大きめの制服に袖を通して、
ちょっとお姉さんになりました。
部活に勉強…『新しい』って、
大変だけど、とっても楽しい！",srufs049,sr049,2019-08-13T15:00:00+09:00,SR
193,デコレート・ファンシーズ,双海真美,"今日一番のスマイルをフレームの
中にパシャリ。このカワイさも、
友情も、思い出も…何年経っても
色褪せることはないんだよ☆",012mam0164,ss004,2020-04-30T15:00:00+09:00,限定SSR
194,デコレート・ファンシーズ+,双海真美,"「デコレート・ファンシーズ」の
アナザー衣装です。",012mam0164_v,ss104,2020-04-30T15:00:00+09:00,限定SSR
195,ワイルドクラシックスター,我那覇響,"大胆なワイルドさと、ちょっと
懐かしいレトロさを組み合わせた
デザインは、全ての人の心を掴み
離すことはないでしょう。",013hib0034,ss001,2017-08-31T15:00:00+09:00,恒常SSR
196,ワイルドクラシックスター+,我那覇響,"「ワイルドクラシックスター」の
アナザー衣装です。",013hib0034_v,ss101,2017-08-31T15:00:00+09:00,恒常SSR
197,ワイルドクラシックスター++,我那覇響,"「ワイルドクラシックスター」の
アナザー2衣装です。",013hib0034_v2,ss201,2017-08-31T15:00:00+09:00,恒常SSR
198,ふわりフワリ☆桜色,我那覇響,"青空の下を楽しそうに舞い踊る桜
の花びらをイメージしたドレス。
ふわりふわりと風に乗り、貴方の
肩にそっと触れてもいいですか？",013hib0054,ss002,2018-04-11T15:00:00+09:00,限定SSR
199,ふわりフワリ☆桜色+,我那覇響,"「ふわりフワリ☆桜色」の
アナザー衣装です。",013hib0054_v,ss102,2018-04-11T15:00:00+09:00,限定SSR
200,ふわりフワリ☆桜色++,我那覇響,"「ふわりフワリ☆桜色」の
アナザー2衣装です。",013hib0054_v2,ss202,2018-04-11T15:00:00+09:00,限定SSR
201,ヌーベル・トリコロール,我那覇響,"純粋に広がる夢をイメージした白
に、特別な3つの色をあしらいま
した。3つの新しい輝きが、支え
合うように互いを照らします。",costume_07,ex007,2018-06-29T00:00:00+09:00,1st
202,ヌーベル・トリコロール+,我那覇響,"「ヌーベル・トリコロール」の
アナザー衣装です。",costume_07_v,ex107,2018-06-29T00:00:00+09:00,1st
203,アクティブ・マイフレンド,我那覇響,"夢追う少女はエネルギッシュ！
大事な人たちの声援を背に受けて
仲間と共に励まし競い合いながら
トップを目指して走り続ける！",013hib0093,sr043,2018-12-04T15:00:00+09:00,PST
204,アクティブ・マイフレンド+,我那覇響,"「アクティブ・マイフレンド」の
アナザー衣装です。",013hib0093_v,sr143,2018-12-04T15:00:00+09:00,PST
205,ライトオブバイブス,我那覇響,"燦然たる太陽の光をイメージした
ステージ衣装。ほとばしる情熱は
大地に響き渡り、闇を切り裂く。
…そして、おとずれる夜明け。",013hib0104,ss003,2019-03-29T15:00:00+09:00,FES
206,ライトオブバイブス+,我那覇響,"「ライトオブバイブス」の
アナザー衣装です。",013hib0104_v,ss103,2019-03-29T15:00:00+09:00,FES
207,ルミエール・パピヨン,我那覇響,"まるで蝶のように美しく軽やかに
光へと向かって羽ばたいていく
少女たち。誰も見たことのない
高みへ、さあ…一緒に行こう！",costume_12,ex012,2019-07-01T00:00:00+09:00,2nd
208,ルミエール・パピヨン+,我那覇響,"「ルミエール・パピヨン」の
アナザー衣装です。",costume_12_v,ex112,2019-07-01T00:00:00+09:00,2nd
209,マリンブルーシップ,我那覇響,"いよいよ出航のとき。船に積んだ
のは、大きな夢。果てなき旅を
祝福するかのように、青い航路は
彼方までキラキラと輝いて…。",013hib0124,ss004,2019-07-31T15:00:00+09:00,恒常SSR
210,マリンブルーシップ+,我那覇響,"「マリンブルーシップ」の
アナザー衣装です。",013hib0124_v,ss104,2019-07-31T15:00:00+09:00,恒常SSR
211,おとぎの国のオオカミ衣装,我那覇響,"ふわふわモフモフな毛並みの
オオカミさん。みんなに撫でて
もらいたくて、毎日毛並みの
お手入れをしているんだとか…。",013hib0134,ss005,2019-09-19T15:00:00+09:00,恒常SSR
212,おとぎの国のオオカミ衣装+,我那覇響,"「おとぎの国のオオカミ衣装」の
アナザー衣装です。",013hib0134_v,ss105,2019-09-19T15:00:00+09:00,恒常SSR
213,ハイスクールメイト,我那覇響,"恋に友情、バイトに勉強。１日
２４時間だけじゃ全然足りない！
オトナが言う『一度きりの青春』
思いっきり楽しんでます☆",srufs045,sr045,2019-12-17T15:00:00+09:00,SR
214,ウンディーネ・フュージョン,我那覇響,"負けられない相手と高め合い、
昇り詰めるためにここにいる。
深層に潜む人魚のように美しく、
時には激しい歌を捧げて…。",013hib0153,sr080,2020-03-18T15:00:00+09:00,PST
215,ウンディーネ・フュージョン+,我那覇響,"「ウンディーネ・フュージョン」
のアナザー衣装です。",013hib0153_v,sr180,2020-03-18T15:00:00+09:00,PST
216,ドリーミングピンク,春日未来,"流れる星はまるで虹のように…。
キュートなピンクが、星に願いを
かけた少女の魅力を輝かせます。",014mir0034,ss001,2017-06-29T00:00:00+09:00,恒常SSR
217,ドリーミングピンク+,春日未来,"「ドリーミングピンク」の
アナザー衣装です。",014mir0034_v,ss101,2017-06-29T00:00:00+09:00,恒常SSR
218,ドリーミングピンク++,春日未来,"「ドリーミングピンク」の
アナザー2衣装です。",014mir0034_v2,ss201,2017-06-29T00:00:00+09:00,恒常SSR
219,キューティープリンセス,春日未来,"ドレスアップした女の子は誰もが
プリンセス！愛らしいピンク色が
輝かせる乙女の笑顔は、運命の王
子様の心を射抜いちゃうかも…？",014mir0043,sr008,2017-12-21T15:00:00+09:00,PST
220,キューティープリンセス+,春日未来,"「キューティープリンセス」の
アナザー衣装です。",014mir0043_v,sr108,2017-12-21T15:00:00+09:00,PST
221,あじさいドロップ,春日未来,"雨の中で元気に咲く花をイメージ
したドレス。衣装の花たちは、
少女が次々と抱く、たくさんの
小さな好奇心を表現しています。",014mir0064,ss002,2018-06-29T15:00:00+09:00,FES
222,あじさいドロップ+,春日未来,"「あじさいドロップ」の
アナザー衣装です。",014mir0064_v,ss102,2018-06-29T15:00:00+09:00,FES
223,ヌーベル・トリコロール,春日未来,"純粋に広がる夢をイメージした白
に、特別な3つの色をあしらいま
した。3つの新しい輝きが、支え
合うように互いを照らします。",costume_07,ex007,2018-06-29T00:00:00+09:00,1st
224,ヌーベル・トリコロール+,春日未来,"「ヌーベル・トリコロール」の
アナザー衣装です。",costume_07_v,ex107,2018-06-29T00:00:00+09:00,1st
225,エレクトロ・アクセラレータ,春日未来,"シャープなシルエットにビビッド
ピンクが駆け巡る、サイバー感
あふれる近未来モチーフ衣装で、
少女は明日もフルスロットル！",014mir0114,ss003,2019-01-12T15:00:00+09:00,恒常SSR
226,エレクトロ・アクセラレータ+,春日未来,"「エレクトロ・アクセラレータ」
のアナザー衣装です。",014mir0114_v,ss103,2019-01-12T15:00:00+09:00,恒常SSR
227,プリティブループライド,春日未来,"済みきった空のように青い衣装は
まるで、時に衝突しながらも、
お互いを磨き合うダイヤモンドの
原石達の誇りと夢の結晶のよう。",014mir0123,sr055,2019-04-19T15:00:00+09:00,PST
228,プリティブループライド+,春日未来,"「プリティブループライド」の
アナザー衣装です。",014mir0123_v,sr155,2019-04-19T15:00:00+09:00,PST
229,モア・ハピネス,春日未来,"フラワーピンクドレスのキュート
レディが投げたブーケは、幸せの
バトン。さあ、次はあなたの番。
とびっきりの笑顔を見せて…♡",014mir0134,ss004,2019-05-31T15:00:00+09:00,限定SSR
230,モア・ハピネス+,春日未来,"「モア・ハピネス」の
アナザー衣装です。",014mir0134_v,ss104,2019-05-31T15:00:00+09:00,限定SSR
231,ルミエール・パピヨン,春日未来,"まるで蝶のように美しく軽やかに
光へと向かって羽ばたいていく
少女たち。誰も見たことのない
高みへ、さあ…一緒に行こう！",costume_12,ex012,2019-07-01T00:00:00+09:00,2nd
232,ルミエール・パピヨン+,春日未来,"「ルミエール・パピヨン」の
アナザー衣装です。",costume_12_v,ex112,2019-07-01T00:00:00+09:00,2nd
233,ジュニアハイスクールメイト,春日未来,"少し大きめの制服に袖を通して、
ちょっとお姉さんになりました。
部活に勉強…『新しい』って、
大変だけど、とっても楽しい！",srufs049,sr049,2020-01-31T15:00:00+09:00,SR
234,ミスティックオーロラ,最上静香,"優雅に人々を魅了するオーロラを
イメージしたドレス。美しいグラ
デーションが、アイドルの魅力を
より引き立たせます。",015siz0034,ss001,2017-06-29T00:00:00+09:00,恒常SSR
235,ミスティックオーロラ+,最上静香,"「ミスティックオーロラ」の
アナザー衣装です。",015siz0034_v,ss101,2017-06-29T00:00:00+09:00,恒常SSR
236,ミスティックオーロラ++,最上静香,"「ミスティックオーロラ」の
アナザー2衣装です。",015siz0034_v2,ss201,2017-06-29T00:00:00+09:00,恒常SSR
237,ブレイビングフェアリアル,最上静香,"胸に灯る、輝く青い炎をイメージ
した衣装。新しい世界へ踏み出す
妖精たちの小さな勇気と強い心は
力強く燃え続けることでしょう。",015siz0043,sr004,2017-10-20T15:00:00+09:00,PST
238,ブレイビングフェアリアル+,最上静香,"「ブレイビングフェアリアル」の
アナザー衣装です。",015siz0043_v,sr104,2017-10-20T15:00:00+09:00,PST
239,セイクリッド・ロータス,最上静香,"水面に浮かぶ冷静沈着な蓮の花。
たとえ気づかれなくても、そっと
見守る控えめな愛は、優しい色の
幻想的なドレスになりました。",015siz0064,ss002,2018-06-29T15:00:00+09:00,FES
240,セイクリッド・ロータス+,最上静香,"「セイクリッド・ロータス」の
アナザー衣装です。",015siz0064_v,ss102,2018-06-29T15:00:00+09:00,FES
241,ヌーベル・トリコロール,最上静香,"純粋に広がる夢をイメージした白
に、特別な3つの色をあしらいま
した。3つの新しい輝きが、支え
合うように互いを照らします。",costume_07,ex007,2018-06-29T00:00:00+09:00,1st
242,ヌーベル・トリコロール+,最上静香,"「ヌーベル・トリコロール」の
アナザー衣装です。",costume_07_v,ex107,2018-06-29T00:00:00+09:00,1st
243,エール＆エール,最上静香,"ストイックな黒い団服に袖通し、
紅蓮のハチマキきりりと締めて。
厳しくやさしい応援団長が、
あなたを全身全霊応援します！",015siz0114,ss003,2019-02-19T15:00:00+09:00,限定SSR
244,エール＆エール+,最上静香,"「エール＆エール」の
アナザー衣装です。",015siz0114_v,ss103,2019-02-19T15:00:00+09:00,限定SSR
245,ルミエール・パピヨン,最上静香,"まるで蝶のように美しく軽やかに
光へと向かって羽ばたいていく
少女たち。誰も見たことのない
高みへ、さあ…一緒に行こう！",costume_12,ex012,2019-07-01T00:00:00+09:00,2nd
246,ルミエール・パピヨン+,最上静香,"「ルミエール・パピヨン」の
アナザー衣装です。",costume_12_v,ex112,2019-07-01T00:00:00+09:00,2nd
247,千載蘭歌,最上静香,"三十一文字に綴られた私の想い、
届いたでしょうか…。便利な今の
時代もいいけれど、時には古風に
気持ちを表してみるのはいかが？",015siz0154,ss004,2019-12-31T15:00:00+09:00,恒常SSR
248,千載蘭歌+,最上静香,"「千載蘭歌」の
アナザー衣装です。",015siz0154_v,ss104,2019-12-31T15:00:00+09:00,恒常SSR
249,ジュニアハイスクールメイト,最上静香,"少し大きめの制服に袖を通して、
ちょっとお姉さんになりました。
部活に勉強…『新しい』って、
大変だけど、とっても楽しい！",srufs049,sr049,2020-02-11T15:00:00+09:00,SR
250,リトルテンプテーション,伊吹翼,"ロックなカッコよさとキュートな
チェック柄。背中に背負った
小さな羽は、小悪魔ガールの
チャームポイント♪",016tsu0034,ss001,2017-06-29T00:00:00+09:00,恒常SSR
251,リトルテンプテーション+,伊吹翼,"「リトルテンプテーション」の
アナザー衣装です。",016tsu0034_v,ss101,2017-06-29T00:00:00+09:00,恒常SSR
252,リトルテンプテーション++,伊吹翼,"「リトルテンプテーション」の
アナザー2衣装です。",016tsu0034_v2,ss201,2017-06-29T00:00:00+09:00,恒常SSR
253,キュアリーエンジェリック,伊吹翼,"楽しげな歌声が聞こえるのは、天
使たちのパレード♪楽園から祝福
を届けるその声は、聴くもの全て
を癒して包む、優しい黄色の光。",016tsu0043,sr006,2017-11-21T15:00:00+09:00,PST
254,キュアリーエンジェリック+,伊吹翼,"「キュアリーエンジェリック」の
アナザー衣装です。",016tsu0043_v,sr106,2017-11-21T15:00:00+09:00,PST
255,ひまわり小町,伊吹翼,"初夏の香りを纏った夏色ドレス。
無邪気な中に織り交ぜた、温かな
デザインは、あなたを優しく包み
癒やしてくれることでしょう…。",016tsu0064,ss002,2018-06-29T15:00:00+09:00,FES
256,ひまわり小町+,伊吹翼,"「ひまわり小町」の
アナザー衣装です。",016tsu0064_v,ss102,2018-06-29T15:00:00+09:00,FES
257,ヌーベル・トリコロール,伊吹翼,"純粋に広がる夢をイメージした白
に、特別な3つの色をあしらいま
した。3つの新しい輝きが、支え
合うように互いを照らします。",costume_07,ex007,2018-06-29T00:00:00+09:00,1st
258,ヌーベル・トリコロール+,伊吹翼,"「ヌーベル・トリコロール」の
アナザー衣装です。",costume_07_v,ex107,2018-06-29T00:00:00+09:00,1st
259,ルミエール・パピヨン,伊吹翼,"まるで蝶のように美しく軽やかに
光へと向かって羽ばたいていく
少女たち。誰も見たことのない
高みへ、さあ…一緒に行こう！",costume_12,ex012,2019-07-01T00:00:00+09:00,2nd
260,ルミエール・パピヨン+,伊吹翼,"「ルミエール・パピヨン」の
アナザー衣装です。",costume_12_v,ex112,2019-07-01T00:00:00+09:00,2nd
261,サニーオーシャン,伊吹翼,"真夏の太陽にキラキラ輝く水面。
見てるだけなんてナシだよね？
ねえ、一緒に飛び込んじゃお☆
レッツ・エンジョイ・サマー！",016tsu0144,ss003,2019-07-03T15:00:00+09:00,限定SSR
262,サニーオーシャン+,伊吹翼,"「サニーオーシャン」の
アナザー衣装です。",016tsu0144_v,ss103,2019-07-03T15:00:00+09:00,限定SSR
263,ジュニアハイスクールメイト,伊吹翼,"少し大きめの制服に袖を通して、
ちょっとお姉さんになりました。
部活に勉強…『新しい』って、
大変だけど、とっても楽しい！",srufs049,sr049,2019-10-31T15:00:00+09:00,SR
264,リバーシ・ハンティング,伊吹翼,"ハンターたちとの追いかけっこは
もう終わり。今度はこっちの番！
セクシーでクールなスーツに身を
包み、狙った獲物は逃がさない♪",016tsu0174,ss004,2020-01-11T15:00:00+09:00,恒常SSR
265,リバーシ・ハンティング+,伊吹翼,"「リバーシ・ハンティング」の
アナザー衣装です。",016tsu0174_v,ss104,2020-01-11T15:00:00+09:00,恒常SSR
266,バーニングフェニックス,田中琴葉,"熱く燃える情熱を表した衣装。
その美しいグラデーションは、
まるで伝説の不死鳥のように
人々の目を引きつけ離さない。",017kth0043,sr015,2018-04-03T15:00:00+09:00,PST
267,バーニングフェニックス+,田中琴葉,"「バーニングフェニックス」の
アナザー衣装です。",017kth0043_v,sr115,2018-04-03T15:00:00+09:00,PST
268,ピュアリーブルーム,田中琴葉,"「私もいつか素敵な女性に…」
純粋な少女の中でほのかに潜む、
大人の階段への淡い好奇心を
肩出しドレスで表現しました。",017kth0054,ss001,2018-05-31T15:00:00+09:00,限定SSR
269,ピュアリーブルーム+,田中琴葉,"「ピュアリーブルーム」の
アナザー衣装です。",017kth0054_v,ss101,2018-05-31T15:00:00+09:00,限定SSR
270,ヌーベル・トリコロール,田中琴葉,"純粋に広がる夢をイメージした白
に、特別な3つの色をあしらいま
した。3つの新しい輝きが、支え
合うように互いを照らします。",costume_07,ex007,2018-06-29T00:00:00+09:00,1st
271,ヌーベル・トリコロール+,田中琴葉,"「ヌーベル・トリコロール」の
アナザー衣装です。",costume_07_v,ex107,2018-06-29T00:00:00+09:00,1st
272,ミリオン座ドレス,田中琴葉,"ミリオン座に所属する女優たちの
ドレス。それぞれの個性が最大限
に引き出されるように考えられた
色やデザインとなっている。",017kth0073,sr028,2018-10-22T15:00:00+09:00,PST
273,ミリオン座ドレス+,田中琴葉,"「ミリオン座ドレス」の
アナザー衣装です。",017kth0073_v,sr128,2018-10-22T15:00:00+09:00,PST
274,ハイスクールメイト,田中琴葉,"恋に友情、バイトに勉強。１日
２４時間だけじゃ全然足りない！
オトナが言う『一度きりの青春』
思いっきり楽しんでます☆",srufs045,sr045,2019-02-19T15:00:00+09:00,SR
275,ハートオブトライスター,田中琴葉,"夜空に輝く３つ星が目指す、誰も
見たことのない景色。優しさと
芯の強さを兼ね備えたハートが
前へと進む原動力となるのです。",017kth0124,ss002,2019-06-27T15:00:00+09:00,FES
276,ハートオブトライスター+,田中琴葉,"「ハートオブトライスター」の
アナザー衣装です。",017kth0124_v,ss102,2019-06-27T15:00:00+09:00,FES
277,ルミエール・パピヨン,田中琴葉,"まるで蝶のように美しく軽やかに
光へと向かって羽ばたいていく
少女たち。誰も見たことのない
高みへ、さあ…一緒に行こう！",costume_12,ex012,2019-07-01T00:00:00+09:00,2nd
278,ルミエール・パピヨン+,田中琴葉,"「ルミエール・パピヨン」の
アナザー衣装です。",costume_12_v,ex112,2019-07-01T00:00:00+09:00,2nd
279,フォール・ティターニア,田中琴葉,"清く澄んだ空に咲いた、小さく
可憐な金木犀の花は、秋の訪れを
貴方に教えてくれる、美しくも
優しい妖精なのかもしれません。",017kth0154,ss004,2019-08-31T15:00:00+09:00,恒常SSR
280,フォール・ティターニア+,田中琴葉,"「フォール・ティターニア」の
アナザー衣装です。",017kth0154_v,ss104,2019-08-31T15:00:00+09:00,恒常SSR
281,アフタヌーンティーブレイク,田中琴葉,"青く優雅なドレスで微笑みかける
少女は、まるで映画のヒロインの
よう。ティーパーティに相応しい
とっておきの時間を、貴方に…。",017kth0174,ss005,2020-04-30T15:00:00+09:00,限定SSR
282,アフタヌーンティーブレイク+,田中琴葉,"「アフタヌーンティーブレイク」
のアナザー衣装です。",017kth0174_v,ss105,2020-04-30T15:00:00+09:00,限定SSR
283,セーラードリーマー,島原エレナ,"シンプルで清楚なセーラー服。
楽しいときも辛いときも、いつも
一緒に過ごしてきた制服は、
かけがえのないパートナーです。",018ele0053,sr012,2018-02-16T15:00:00+09:00,PST
284,セーラードリーマー+,島原エレナ,"「セーラードリーマー」の
アナザー衣装です。",018ele0053_v,sr112,2018-02-16T15:00:00+09:00,PST
285,トロピカルサンフラワー,島原エレナ,"元気いっぱい！トロピカルで
キュートな衣装。爽やかな緑の
パッションスタイルは、まるで
お花畑に咲き誇る太陽のよう！",018ele0064,ss001,2018-04-11T15:00:00+09:00,恒常SSR
286,トロピカルサンフラワー+,島原エレナ,"「トロピカルサンフラワー」の
アナザー衣装です。",018ele0064_v,ss101,2018-04-11T15:00:00+09:00,恒常SSR
287,トロピカルサンフラワー++,島原エレナ,"「トロピカルサンフラワー」の
アナザー2衣装です。",018ele0064_v2,ss201,2018-04-11T15:00:00+09:00,恒常SSR
288,ヌーベル・トリコロール,島原エレナ,"純粋に広がる夢をイメージした白
に、特別な3つの色をあしらいま
した。3つの新しい輝きが、支え
合うように互いを照らします。",costume_07,ex007,2018-06-29T00:00:00+09:00,1st
289,ヌーベル・トリコロール+,島原エレナ,"「ヌーベル・トリコロール」の
アナザー衣装です。",costume_07_v,ex107,2018-06-29T00:00:00+09:00,1st
290,サニー・デイ・パイレーツ！,島原エレナ,"天気は良好、最高の航海日和。
さぁ、太陽の行く先へ進もう！
そこにはきっと、キラキラ輝く
お宝が眠ってるに違いないから！",018ele0084,ss002,2018-07-31T15:00:00+09:00,限定SSR
291,サニー・デイ・パイレーツ！+,島原エレナ,"「サニー・デイ・パイレーツ！」
のアナザー衣装です。",018ele0084_v,ss102,2018-07-31T15:00:00+09:00,限定SSR
292,ライトオブトライスター,島原エレナ,"夜空に輝く３つ星が目指す、誰も
見たことのない景色。その道程を
太陽のように明るく照らす光こそ
かけがえのない宝物なのです。",018ele0124,ss003,2019-06-27T15:00:00+09:00,FES
293,ライトオブトライスター+,島原エレナ,"「ライトオブトライスター」の
アナザー衣装です。",018ele0124_v,ss103,2019-06-27T15:00:00+09:00,FES
294,ルミエール・パピヨン,島原エレナ,"まるで蝶のように美しく軽やかに
光へと向かって羽ばたいていく
少女たち。誰も見たことのない
高みへ、さあ…一緒に行こう！",costume_12,ex012,2019-07-01T00:00:00+09:00,2nd
295,ルミエール・パピヨン+,島原エレナ,"「ルミエール・パピヨン」の
アナザー衣装です。",costume_12_v,ex112,2019-07-01T00:00:00+09:00,2nd
296,ハイスクールメイト,島原エレナ,"恋に友情、バイトに勉強。１日
２４時間だけじゃ全然足りない！
オトナが言う『一度きりの青春』
思いっきり楽しんでます☆",srufs045,sr045,2019-11-30T15:00:00+09:00,SR
297,ブルースカイファンタジア,佐竹美奈子,"雲一つない晴れやかな青空を
思わせる、爽やかな青い衣装。
いつでもあなたの心を明るく、
元気で満たしてくれるでしょう。",019min0044,ss001,2017-09-30T15:00:00+09:00,限定SSR
298,ブルースカイファンタジア+,佐竹美奈子,"「ブルースカイファンタジア」の
アナザー衣装です。",019min0044_v,ss101,2017-09-30T15:00:00+09:00,限定SSR
299,ブルースカイファンタジア++,佐竹美奈子,"「ブルースカイファンタジア」の
アナザー2衣装です。",019min0044_v2,ss201,2017-09-30T15:00:00+09:00,限定SSR
300,ヌーベル・トリコロール,佐竹美奈子,"純粋に広がる夢をイメージした白
に、特別な3つの色をあしらいま
した。3つの新しい輝きが、支え
合うように互いを照らします。",costume_07,ex007,2018-06-29T00:00:00+09:00,1st
301,ヌーベル・トリコロール+,佐竹美奈子,"「ヌーベル・トリコロール」の
アナザー衣装です。",costume_07_v,ex107,2018-06-29T00:00:00+09:00,1st
302,ジューシースパークリング！,佐竹美奈子,"甘酸っぱいストロベリーをイメー
ジしたポップなドレス。夏の暑さ
を吹き飛ばすくらい、ココロも
カラダも思いっきり弾けちゃお☆",019min0094,ss002,2018-08-14T15:00:00+09:00,恒常SSR
303,ジューシースパークリング！+,佐竹美奈子,"「ジューシースパークリング！」
のアナザー衣装です。",019min0094_v,ss102,2018-08-14T15:00:00+09:00,恒常SSR
304,ルミエール・パピヨン,佐竹美奈子,"まるで蝶のように美しく軽やかに
光へと向かって羽ばたいていく
少女たち。誰も見たことのない
高みへ、さあ…一緒に行こう！",costume_12,ex012,2019-07-01T00:00:00+09:00,2nd
305,ルミエール・パピヨン+,佐竹美奈子,"「ルミエール・パピヨン」の
アナザー衣装です。",costume_12_v,ex112,2019-07-01T00:00:00+09:00,2nd
306,真・夢幻,佐竹美奈子,"魑魅魍魎が跋扈する降魔の都…。
悪意に蝕まれた人々を救うのは、
心優しき陰陽師。破魔の力は皆の
ために！……悪霊退散！",019min0124,ss003,2019-08-13T15:00:00+09:00,限定SSR
307,真・夢幻+,佐竹美奈子,"「真・夢幻」の
アナザー衣装です。",019min0124_v,ss103,2019-08-13T15:00:00+09:00,限定SSR
308,ハイスクールメイト,佐竹美奈子,"恋に友情、バイトに勉強。１日
２４時間だけじゃ全然足りない！
オトナが言う『一度きりの青春』
思いっきり楽しんでます☆",srufs045,sr045,2019-11-17T15:00:00+09:00,SR
309,Ace×Ace,佐竹美奈子,"クール×セクシー×キュートな
衣装は女子の憧れ。神からの
贈り物をまとった２人のエースが
ランウェイを華麗に闊歩する！",019min0153,sr078,2020-02-18T15:00:00+09:00,PST
310,Ace×Ace+,佐竹美奈子,"「Ace×Ace」の
アナザー衣装です。",019min0153_v,sr178,2020-02-18T15:00:00+09:00,PST
311,サン♡SUN♡フィースト,佐竹美奈子,"会いたいと思えば真っすぐに！
その気持ちを胸に、どこまでも！
いつでもそばにいて、眩しい程の
微笑みで、ゲンキと愛をあげる♡",019min0164,ss004,2020-04-11T15:00:00+09:00,恒常SSR
312,サン♡SUN♡フィースト+,佐竹美奈子,"「サン♡SUN♡フィースト」の
アナザー衣装です。",019min0164_v,ss104,2020-04-11T15:00:00+09:00,恒常SSR
313,ガーリッシュディスコッティ,所恵美,"テーマはクール＆ガーリー！
ミラーボールが放つキラメキに
負けないくらい輝きを放てば、
今日のステージは私のもの♪",020meg0034,ss001,2017-07-31T15:00:00+09:00,限定SSR
314,ガーリッシュディスコッティ+,所恵美,"「ガーリッシュディスコッティ」
のアナザー衣装です。",020meg0034_v,ss101,2017-07-31T15:00:00+09:00,限定SSR
315,ガーリッシュディスコッティ++,所恵美,"「ガーリッシュディスコッティ」
のアナザー2衣装です。",020meg0034_v2,ss201,2017-07-31T15:00:00+09:00,限定SSR
316,ヌーベル・トリコロール,所恵美,"純粋に広がる夢をイメージした白
に、特別な3つの色をあしらいま
した。3つの新しい輝きが、支え
合うように互いを照らします。",costume_07,ex007,2018-06-29T00:00:00+09:00,1st
317,ヌーベル・トリコロール+,所恵美,"「ヌーベル・トリコロール」の
アナザー衣装です。",costume_07_v,ex107,2018-06-29T00:00:00+09:00,1st
318,ハーティーネオフィリア,所恵美,"トレンドに敏感なおしゃれガール
もワクワクしちゃう、キュートな
ドレス。女の子の「カワイイ！」
をぎゅぎゅっと詰め込みました☆",020meg0084,ss002,2018-07-21T15:00:00+09:00,恒常SSR
319,ハーティーネオフィリア+,所恵美,"「ハーティーネオフィリア」の
アナザー衣装です。",020meg0084_v,ss102,2018-07-21T15:00:00+09:00,恒常SSR
320,サジタリアス・アロー,所恵美,"鋭く放たれた矢のように、或いは
夜空を駆ける流れ星のように、
彼女たちは、ただ一途に一直線に
目標に向かって飛んでいく！",020meg0103,sr033,2019-01-04T15:00:00+09:00,PST
321,サジタリアス・アロー+,所恵美,"「サジタリアス・アロー」の
アナザー衣装です。",020meg0103_v,sr133,2019-01-04T15:00:00+09:00,PST
322,ウイングオブトライスター,所恵美,"夜空に輝く３つ星が目指す、誰も
見たことのない景色。軽やかに
羽ばたく翼に仲間たちの笑顔を
乗せて、どこまでも高く、遠く。",020meg0114,ss003,2019-06-27T15:00:00+09:00,FES
323,ウイングオブトライスター+,所恵美,"「ウイングオブトライスター」の
アナザー衣装です。",020meg0114_v,ss103,2019-06-27T15:00:00+09:00,FES
324,ルミエール・パピヨン,所恵美,"まるで蝶のように美しく軽やかに
光へと向かって羽ばたいていく
少女たち。誰も見たことのない
高みへ、さあ…一緒に行こう！",costume_12,ex012,2019-07-01T00:00:00+09:00,2nd
325,ルミエール・パピヨン+,所恵美,"「ルミエール・パピヨン」の
アナザー衣装です。",costume_12_v,ex112,2019-07-01T00:00:00+09:00,2nd
326,サウザンド・アラビアン,所恵美,"濃紫の生地に金の装飾が施された
アラビアンな衣装。セクシーな
踊り子とともに、熱砂の都で
千一夜踊り明かしましょう。",020meg0154,ss004,2019-10-31T15:00:00+09:00,限定SSR
327,サウザンド・アラビアン+,所恵美,"「サウザンド・アラビアン」の
アナザー衣装です。",020meg0154_v,ss104,2019-10-31T15:00:00+09:00,限定SSR
328,ハイスクールメイト,所恵美,"恋に友情、バイトに勉強。１日
２４時間だけじゃ全然足りない！
オトナが言う『一度きりの青春』
思いっきり楽しんでます☆",srufs045,sr045,2020-03-18T15:00:00+09:00,SR
329,リボンスイート☆エメラルド,徳川まつり,"ピンクとエメラルドが愛らしい
印象の、ラブリーなドレス。
お姫様の手を取って夢の世界へ
誘う王子様は、すぐそばに…？",021mat0064,ss001,2018-05-11T15:00:00+09:00,恒常SSR
330,リボンスイート☆エメラルド+,徳川まつり,"「リボンスイート☆エメラルド」
のアナザー衣装です。",021mat0064_v,ss101,2018-05-11T15:00:00+09:00,恒常SSR
331,ヌーベル・トリコロール,徳川まつり,"純粋に広がる夢をイメージした白
に、特別な3つの色をあしらいま
した。3つの新しい輝きが、支え
合うように互いを照らします。",costume_07,ex007,2018-06-29T00:00:00+09:00,1st
332,ヌーベル・トリコロール+,徳川まつり,"「ヌーベル・トリコロール」の
アナザー衣装です。",costume_07_v,ex107,2018-06-29T00:00:00+09:00,1st
333,ポルカドット・マッシュルーム,徳川まつり,"きのこの世界から飛び出した、
きのこモチーフの水玉ドレス。驚
きのこの衣装、大胆なようで、飽
きのこない絶妙なデザインです。",021mat0084,ss002,2018-08-31T15:00:00+09:00,限定SSR
334,ポルカドット・マッシュルーム+,徳川まつり,"「ポルカドット・マッシュルーム
」のアナザー衣装です。",021mat0084_v,ss102,2018-08-31T15:00:00+09:00,限定SSR
335,フラワリング・ティータイム,徳川まつり,"紅茶とケーキを用意して、お花と
フリルたっぷりの素敵なドーリィ
ドレスに着替えたら…お姫様の
ヒミツのお茶会が始まります♡",021mat0103,sr046,2019-01-20T15:00:00+09:00,PST
336,フラワリング・ティータイム+,徳川まつり,"「フラワリング・ティータイム」
のアナザー衣装です。",021mat0103_v,sr146,2019-01-20T15:00:00+09:00,PST
337,プレジール・プランタン,徳川まつり,"お日様色の菜の花をあしらった、
爽やかな春風のようなドレス。
あなたの胸にもいっぱいに暖かな
春の喜びを咲かせましょう。",021mat0114,ss003,2019-03-11T15:00:00+09:00,恒常SSR
338,プレジール・プランタン+,徳川まつり,"「プレジール・プランタン」の
アナザー衣装です。",021mat0114_v,ss103,2019-03-11T15:00:00+09:00,恒常SSR
339,ルミエール・パピヨン,徳川まつり,"まるで蝶のように美しく軽やかに
光へと向かって羽ばたいていく
少女たち。誰も見たことのない
高みへ、さあ…一緒に行こう！",costume_12,ex012,2019-07-01T00:00:00+09:00,2nd
340,ルミエール・パピヨン+,徳川まつり,"「ルミエール・パピヨン」の
アナザー衣装です。",costume_12_v,ex112,2019-07-01T00:00:00+09:00,2nd
341,カレッジメイト,徳川まつり,"オトナなスーツで身を包んだら
何だかキリッとした気分。今より
少し未来で私を待っている、
ステキな夢に向かって一歩前進！",srufs051,sr051,2019-08-20T15:00:00+09:00,SR
342,スイート・レインディア,徳川まつり,"忙しいサンタさんのお手伝いを
するトナカイさんの好物は甘～い
スイーツ！だけど、プレゼントの
つまみ食いは、めっ！なのです♪",021mat0154,ss004,2019-11-30T15:00:00+09:00,限定SSR
343,スイート・レインディア+,徳川まつり,"「スイート・レインディア」の
アナザー衣装です。",021mat0154_v,ss104,2019-11-30T15:00:00+09:00,限定SSR
344,ハピネスクローバー,箱崎星梨花,"パステルピンクとミントグリーン
に、ラブリーなクローバーを
トッピング☆メルヘンな可愛さ、
おひとついかがですか？",022ser0034,ss001,2017-07-24T15:00:00+09:00,恒常SSR
345,ハピネスクローバー+,箱崎星梨花,"「ハピネスクローバー」の
アナザー衣装です。",022ser0034_v,ss101,2017-07-24T15:00:00+09:00,恒常SSR
346,ハピネスクローバー++,箱崎星梨花,"「ハピネスクローバー」の
アナザー2衣装です。",022ser0034_v2,ss201,2017-07-24T15:00:00+09:00,恒常SSR
347,リトルコンダクター,箱崎星梨花,"春を誘う、小さな指揮者さん。
虹色のタクトを振れば、どんな
音楽も満開の花を咲かせます。
さぁ、一緒に春を歌いましょう♪",022ser0054,ss002,2018-03-28T20:00:00+09:00,FES
348,リトルコンダクター+,箱崎星梨花,"「リトルコンダクター」の
アナザー衣装です。",022ser0054_v,ss102,2018-03-28T20:00:00+09:00,FES
349,リトルコンダクター++,箱崎星梨花,"「リトルコンダクター」の
アナザー2衣装です。",022ser0054_v2,ss202,2018-03-28T20:00:00+09:00,FES
350,ヌーベル・トリコロール,箱崎星梨花,"純粋に広がる夢をイメージした白
に、特別な3つの色をあしらいま
した。3つの新しい輝きが、支え
合うように互いを照らします。",costume_07,ex007,2018-06-29T00:00:00+09:00,1st
351,ヌーベル・トリコロール+,箱崎星梨花,"「ヌーベル・トリコロール」の
アナザー衣装です。",costume_07_v,ex107,2018-06-29T00:00:00+09:00,1st
352,スターライト・プリズム,箱崎星梨花,"夜空に輝く星の光を集めて、
可愛らしい衣装にしました。
私たちのキラキラした気持ちが、
みんなの元に届きますように…！",022ser0083,sr027,2018-10-03T15:00:00+09:00,PST
353,スターライト・プリズム+,箱崎星梨花,"「スターライト・プリズム」の
アナザー衣装です。",022ser0083_v,sr127,2018-10-03T15:00:00+09:00,PST
354,ピュアプレゼント,箱崎星梨花,"包んだのは真心。可愛いリボンで
きゅっと結んで…。いつかキミが
この秘密のプレゼントを開けて
くれる日を、ずっと待ってるよ。",022ser0114,ss003,2019-05-20T15:00:00+09:00,限定SSR
355,ピュアプレゼント+,箱崎星梨花,"「ピュアプレゼント」の
アナザー衣装です。",022ser0114_v,ss103,2019-05-20T15:00:00+09:00,限定SSR
356,ルミエール・パピヨン,箱崎星梨花,"まるで蝶のように美しく軽やかに
光へと向かって羽ばたいていく
少女たち。誰も見たことのない
高みへ、さあ…一緒に行こう！",costume_12,ex012,2019-07-01T00:00:00+09:00,2nd
357,ルミエール・パピヨン+,箱崎星梨花,"「ルミエール・パピヨン」の
アナザー衣装です。",costume_12_v,ex112,2019-07-01T00:00:00+09:00,2nd
358,おとぎの国の少女衣装,箱崎星梨花,"歌いたくなるくらい綺麗に晴れた
日は、お気に入りの服に着替えて
お出かけしてみましょう！きっと
ステキな出会いがありますよ♪",022ser0143,sr066,2019-09-19T15:00:00+09:00,PST
359,おとぎの国の少女衣装+,箱崎星梨花,"「おとぎの国の少女衣装」の
アナザー衣装です。",022ser0143_v,sr166,2019-09-19T15:00:00+09:00,PST
360,ジュニアハイスクールメイト,箱崎星梨花,"少し大きめの制服に袖を通して、
ちょっとお姉さんになりました。
部活に勉強…『新しい』って、
大変だけど、とっても楽しい！",srufs049,sr049,2019-12-17T15:00:00+09:00,SR
361,笑花祝霰,箱崎星梨花,"これからもたくさんの楽しい事を
みんなと過ごせますように…♪
散りばめた花を広げるような、
とびきりの福をお届けします！",022ser0164,ss004,2019-12-31T15:00:00+09:00,限定SSR
362,笑花祝霰+,箱崎星梨花,"「笑花祝霰」の
アナザー衣装です。",022ser0164_v,ss104,2019-12-31T15:00:00+09:00,限定SSR
363,ポップdeにゃにゃにゃん！,野々原茜,"元気をくれるキュートなドレス！
辛いことや悲しいことがあっても
大丈夫！幸せの鈴を鳴らしてキミ
の心をハッピーにするからね☆",023aka0054,ss001,2018-05-22T15:00:00+09:00,恒常SSR
364,ポップdeにゃにゃにゃん！+,野々原茜,"「ポップdeにゃにゃにゃん！」
のアナザー衣装です。",023aka0054_v,ss101,2018-05-22T15:00:00+09:00,恒常SSR
365,ヌーベル・トリコロール,野々原茜,"純粋に広がる夢をイメージした白
に、特別な3つの色をあしらいま
した。3つの新しい輝きが、支え
合うように互いを照らします。",costume_07,ex007,2018-06-29T00:00:00+09:00,1st
366,ヌーベル・トリコロール+,野々原茜,"「ヌーベル・トリコロール」の
アナザー衣装です。",costume_07_v,ex107,2018-06-29T00:00:00+09:00,1st
367,キューティ♡チョコホイップ,野々原茜,"ふんわりあま～いチョコホイップ
クリームのようなキュートな
バレンタインドレス。真っ赤な
イチゴが甘酸っぱいアクセント♡",023aka0104,ss002,2019-01-31T15:00:00+09:00,限定SSR
368,キューティ♡チョコホイップ+,野々原茜,"「キューティ♡チョコホイップ」
のアナザー衣装です。",023aka0104_v,ss102,2019-01-31T15:00:00+09:00,限定SSR
369,フレッシュラブ！,野々原茜,"私の一粒、キミにあ・げ・る♡
と～っても甘くて、ちょっぴり
酸っぱくて、たまにほろ苦くて…
恋ってフルーツに似てるのかも。",023aka0113,sr057,2019-06-03T15:00:00+09:00,PST
370,フレッシュラブ！+,野々原茜,"「フレッシュラブ！」の
アナザー衣装です。",023aka0113_v,sr157,2019-06-03T15:00:00+09:00,PST
371,ルミエール・パピヨン,野々原茜,"まるで蝶のように美しく軽やかに
光へと向かって羽ばたいていく
少女たち。誰も見たことのない
高みへ、さあ…一緒に行こう！",costume_12,ex012,2019-07-01T00:00:00+09:00,2nd
372,ルミエール・パピヨン+,野々原茜,"「ルミエール・パピヨン」の
アナザー衣装です。",costume_12_v,ex112,2019-07-01T00:00:00+09:00,2nd
373,鈴猫花浴衣,野々原茜,"抜き足差し足、猫の足。猫又娘の
いたずらは今日も大成功♪町民の
方々には、鈴の音鳴らして踊る
姿で許されちゃってますニャン♡",023aka0134,ss003,2019-08-13T15:00:00+09:00,恒常SSR
374,鈴猫花浴衣+,野々原茜,"「鈴猫花浴衣」の
アナザー衣装です。",023aka0134_v,ss103,2019-08-13T15:00:00+09:00,恒常SSR
375,誰ソ彼ノ淵・女子高生,野々原茜,"孤島に流されちゃってちょっぴり
不安だけど、主人公なんだから
負けないのだー！明日も絶対に
…生き抜いて、みせるからね…！",023aka0143,sr063,2020-04-19T15:00:00+09:00,PST
376,誰ソ彼ノ淵・女子高生+,野々原茜,"「誰ソ彼ノ淵・女子高生」の
アナザー衣装です。",023aka0143_v,sr163,2020-04-19T15:00:00+09:00,PST
377,ハイスクールメイト,野々原茜,"恋に友情、バイトに勉強。１日
２４時間だけじゃ全然足りない！
オトナが言う『一度きりの青春』
思いっきり楽しんでます☆",srufs045,sr045,2020-05-11T15:00:00+09:00,SR
378,ラビッツラビリンス,望月杏奈,"今日もハッピーふわふわぴょん♪
みんなで一緒にラビラビぴょん♪
みんなの心には、いつだって
可愛いうさぎさんがいるんだよ☆",024ann0044,ss001,2017-11-30T15:00:00+09:00,限定SSR
379,ラビッツラビリンス+,望月杏奈,"「ラビッツラビリンス」の
アナザー衣装です。",024ann0044_v,ss101,2017-11-30T15:00:00+09:00,限定SSR
380,ラビッツラビリンス++,望月杏奈,"「ラビッツラビリンス」の
アナザー2衣装です。",024ann0044_v2,ss201,2017-11-30T15:00:00+09:00,限定SSR
381,ヌーベル・トリコロール,望月杏奈,"純粋に広がる夢をイメージした白
に、特別な3つの色をあしらいま
した。3つの新しい輝きが、支え
合うように互いを照らします。",costume_07,ex007,2018-06-29T00:00:00+09:00,1st
382,ヌーベル・トリコロール+,望月杏奈,"「ヌーベル・トリコロール」の
アナザー衣装です。",costume_07_v,ex107,2018-06-29T00:00:00+09:00,1st
383,レジェンドナイトアーマー,望月杏奈,"選ばれし者のみが着ることを許さ
れる、伝説の戦闘衣装。使命を
託された騎士が大事な者を守る時
それは覚醒すると言われている。",024ann0074,ss002,2018-07-12T15:00:00+09:00,恒常SSR
384,レジェンドナイトアーマー+,望月杏奈,"「レジェンドナイトアーマー」の
アナザー衣装です。",024ann0074_v,ss102,2018-07-12T15:00:00+09:00,恒常SSR
385,ラブ・フォー・ユー,望月杏奈,"ココロ浮き立つチャーミングな
衣装で登場！誰にも負けない
とびっきりビッグなハートを、
歌とダンスに乗せてお届け♪",024ann0093,sr047,2019-02-02T15:00:00+09:00,PST
386,ラブ・フォー・ユー+,望月杏奈,"「ラブ・フォー・ユー」の
アナザー衣装です。",024ann0093_v,sr147,2019-02-02T15:00:00+09:00,PST
387,ジュニアハイスクールメイト,望月杏奈,"少し大きめの制服に袖を通して、
ちょっとお姉さんになりました。
部活に勉強…『新しい』って、
大変だけど、とっても楽しい！",srufs049,sr049,2019-04-19T15:00:00+09:00,SR
388,ルミエール・パピヨン,望月杏奈,"まるで蝶のように美しく軽やかに
光へと向かって羽ばたいていく
少女たち。誰も見たことのない
高みへ、さあ…一緒に行こう！",costume_12,ex012,2019-07-01T00:00:00+09:00,2nd
389,ルミエール・パピヨン+,望月杏奈,"「ルミエール・パピヨン」の
アナザー衣装です。",costume_12_v,ex112,2019-07-01T00:00:00+09:00,2nd
390,ナイトスカイ・フラワーズ,望月杏奈,"夏の夜空に咲く大輪の花たちよ。
一瞬で散ってしまっても、どうか
一生の思い出として、あの人の
記憶のフィルムに焼きついて…。",024ann0124,ss003,2019-08-20T15:00:00+09:00,限定SSR
391,ナイトスカイ・フラワーズ+,望月杏奈,"「ナイトスカイ・フラワーズ」の
アナザー衣装です。",024ann0124_v,ss103,2019-08-20T15:00:00+09:00,限定SSR
392,クワイア・ピース,望月杏奈,"私たちのクリスマスパーティーへ
ようこそ！たっくさん食べて、
踊って、笑ってね。今宵の世界は
どこも平和に満ちてます☆",024ann0144,ss004,2019-12-25T15:00:00+09:00,FES
393,クワイア・ピース+,望月杏奈,"「クワイア・ピース」の
アナザー衣装です。",024ann0144_v,ss104,2019-12-25T15:00:00+09:00,FES
394,Wake up_rabbit!,望月杏奈,"まるでゲーム世界から飛び出した
ような、ビビッドカラーが光る
衣装。普段の私もステージに立つ
私も同じ私。飛ばしていくよー！",024ann0164,ss005,2020-04-11T15:00:00+09:00,恒常SSR
395,Wake up_rabbit!+,望月杏奈,"「Wake up_rabbit!」の
アナザー衣装です。",024ann0164_v,ss105,2020-04-11T15:00:00+09:00,恒常SSR
396,アトラクティブ☆ロコワールド,ロコ,"平凡？風変わり？なんだって
ノープロブレム！ありのままの
自分をエクスプレッションする
ことがアートなの！",025roc0054,ss001,2018-06-12T15:00:00+09:00,恒常SSR
397,アトラクティブ☆ロコワールド+,ロコ,"「アトラクティブ☆ロコワールド
」のアナザー衣装です。",025roc0054_v,ss101,2018-06-12T15:00:00+09:00,恒常SSR
398,ヌーベル・トリコロール,ロコ,"純粋に広がる夢をイメージした白
に、特別な3つの色をあしらいま
した。3つの新しい輝きが、支え
合うように互いを照らします。",costume_07,ex007,2018-06-29T00:00:00+09:00,1st
399,ヌーベル・トリコロール+,ロコ,"「ヌーベル・トリコロール」の
アナザー衣装です。",costume_07_v,ex107,2018-06-29T00:00:00+09:00,1st
400,チェリッシュブライド,ロコ,"チャペルの窓からのぞく白い雲と
晴れやかな青空のように爽やかな
ウェディングドレス風衣装。さあ
ハッピーな明日をクリエイト！",025roc0084,ss002,2018-11-21T15:00:00+09:00,恒常SSR
401,チェリッシュブライド+,ロコ,"「チェリッシュブライド」の
アナザー衣装です。",025roc0084_v,ss102,2018-11-21T15:00:00+09:00,恒常SSR
402,ビヨンド・ジェネレーション,ロコ,"この、どこか懐かしくも新しい
レトロポップな衣装をご覧あれ☆
世代を越えて、ステキなものは
いつだってムテキなんだから！",025roc0093,sr048,2019-02-19T15:00:00+09:00,PST
403,ビヨンド・ジェネレーション+,ロコ,"「ビヨンド・ジェネレーション」
のアナザー衣装です。",025roc0093_v,sr148,2019-02-19T15:00:00+09:00,PST
404,カーネリアンテイル,ロコ,"ふいに空を見上げたとき、視界に
映ったのは鮮烈なカーネリアン。
それは、太陽の鱗を煌めかせ、
軽やかに大空を泳ぐ自由の魚。",025roc0104,ss003,2019-04-30T15:00:00+09:00,限定SSR
405,カーネリアンテイル+,ロコ,"「カーネリアンテイル」の
アナザー衣装です。",025roc0104_v,ss103,2019-04-30T15:00:00+09:00,限定SSR
406,ルミエール・パピヨン,ロコ,"まるで蝶のように美しく軽やかに
光へと向かって羽ばたいていく
少女たち。誰も見たことのない
高みへ、さあ…一緒に行こう！",costume_12,ex012,2019-07-01T00:00:00+09:00,2nd
407,ルミエール・パピヨン+,ロコ,"「ルミエール・パピヨン」の
アナザー衣装です。",costume_12_v,ex112,2019-07-01T00:00:00+09:00,2nd
408,インペリアルスイムスーツ・花,ロコ,"帝花女学院、超ビーチバレー部
プチキングの水着。孤高の王者の
背中を追い続けるのは、彼女の
技と生き様に魅せられたから…。",025roc0143,sr069,2019-09-22T15:00:00+09:00,SR
409,ジュニアハイスクールメイト,ロコ,"少し大きめの制服に袖を通して、
ちょっとお姉さんになりました。
部活に勉強…『新しい』って、
大変だけど、とっても楽しい！",srufs049,sr049,2019-11-17T15:00:00+09:00,SR
410,ブレイクスルー・バディ,ロコ,"普段は真面目な優等生。でも悪友
のあのコと一緒なら…大変身！？
この新たなコスチュームで、私も
知らない新たな私、ここに誕生！",025roc0154,ss004,2020-02-18T15:00:00+09:00,恒常SSR
411,ブレイクスルー・バディ+,ロコ,"「ブレイクスルー・バディ」の
アナザー衣装です。",025roc0154_v,ss104,2020-02-18T15:00:00+09:00,恒常SSR
412,ブルーマリン・リアライズ,七尾百合子,"爽やかな色使いが、
青い海を思わせる衣装。
カモメの声が聞こえたら、
輝く砂浜へ駆け出そう！",026yur0034,ss001,2017-07-13T15:00:00+09:00,限定SSR
413,ブルーマリン・リアライズ+,七尾百合子,"「ブルーマリン・リアライズ」の
アナザー衣装です。",026yur0034_v,ss101,2017-07-13T15:00:00+09:00,限定SSR
414,ブルーマリン・リアライズ++,七尾百合子,"「ブルーマリン・リアライズ」の
アナザー2衣装です。",026yur0034_v2,ss201,2017-07-13T15:00:00+09:00,限定SSR
415,インフィニティストーム,七尾百合子,"風にのって羽ばたく翼を、衣装に
可愛くあしらいました。どんな風
でも力に変えていける乙女たちは
いつだって無限大の可能性！",026yur0043,sr003,2017-09-30T15:00:00+09:00,PST
416,インフィニティストーム+,七尾百合子,"「インフィニティストーム」の
アナザー衣装です。",026yur0043_v,sr103,2017-09-30T15:00:00+09:00,PST
417,ヌーベル・トリコロール,七尾百合子,"純粋に広がる夢をイメージした白
に、特別な3つの色をあしらいま
した。3つの新しい輝きが、支え
合うように互いを照らします。",costume_07,ex007,2018-06-29T00:00:00+09:00,1st
418,ヌーベル・トリコロール+,七尾百合子,"「ヌーベル・トリコロール」の
アナザー衣装です。",costume_07_v,ex107,2018-06-29T00:00:00+09:00,1st
419,エピックナビゲーター,七尾百合子,"貴方が主人公の物語に登場する
案内人の衣装。どんなに辛くて
苦しい物語でも、貴方を必ず
ハッピーエンドへ導きます♪",026yur0084,ss002,2018-07-21T15:00:00+09:00,恒常SSR
420,エピックナビゲーター+,七尾百合子,"「エピックナビゲーター」の
アナザー衣装です。",026yur0084_v,ss102,2018-07-21T15:00:00+09:00,恒常SSR
421,ルミエール・パピヨン,七尾百合子,"まるで蝶のように美しく軽やかに
光へと向かって羽ばたいていく
少女たち。誰も見たことのない
高みへ、さあ…一緒に行こう！",costume_12,ex012,2019-07-01T00:00:00+09:00,2nd
422,ルミエール・パピヨン+,七尾百合子,"「ルミエール・パピヨン」の
アナザー衣装です。",costume_12_v,ex112,2019-07-01T00:00:00+09:00,2nd
423,ビスクドール・ノワール,七尾百合子,"深淵の住人より漆黒のドレスを
賜った可憐で無垢な人形姫は、
無慈悲な運命の糸に抗い続ける。
…その時間は刹那か永遠か。",026yur0143,sr059,2019-07-23T15:00:00+09:00,PST
424,ビスクドール・ノワール+,七尾百合子,"「ビスクドール・ノワール」の
アナザー衣装です。",026yur0143_v,sr159,2019-07-23T15:00:00+09:00,PST
425,ミリオン座衣装(リリー),七尾百合子,"ミリオン座の事件を担当する警部
リリーの衣装。謎多き事件…。
屋根裏の道化師は実在するのか？
私は真実にたどり着けるのか…？",026yur0173,sr071,2019-09-22T15:00:00+09:00,SR
426,クワイア・ラブ,七尾百合子,"私たちのクリスマスパーティーは
まだまだ続くよ♪プレゼントは
大切な人との特別な時間。今宵の
世界はどこも愛情に満ちてます♡",026yur0164,ss003,2019-12-25T15:00:00+09:00,FES
427,クワイア・ラブ+,七尾百合子,"「クワイア・ラブ」の
アナザー衣装です。",026yur0164_v,ss103,2019-12-25T15:00:00+09:00,FES
428,ジュニアハイスクールメイト,七尾百合子,"少し大きめの制服に袖を通して、
ちょっとお姉さんになりました。
部活に勉強…『新しい』って、
大変だけど、とっても楽しい！",srufs049,sr049,2020-05-11T15:00:00+09:00,SR
429,スターリーインビテーション,高山紗代子,"人々を魅了し続ける宇宙の惑星。
そんな星たちが作り出した衣装は
上品で美しく、その魅力から目が
離せないと言い伝えられている。",027say0044,ss001,2017-12-21T15:00:00+09:00,恒常SSR
430,スターリーインビテーション+,高山紗代子,"「スターリーインビテーション」
のアナザー衣装です。",027say0044_v,ss101,2017-12-21T15:00:00+09:00,恒常SSR
431,スターリーインビテーション++,高山紗代子,"「スターリーインビテーション」
のアナザー2衣装です。",027say0044_v2,ss201,2017-12-21T15:00:00+09:00,恒常SSR
432,全力！チアガール,高山紗代子,"いつだって全力でキミを応援した
い！そんな少女たちの想いを、
燃える赤と無垢な白で表現！
せーので一緒に空までジャンプ！",027say0063,sr020,2018-06-20T15:00:00+09:00,PST
433,全力！チアガール+,高山紗代子,"「全力！チアガール」の
アナザー衣装です。",027say0063_v,sr120,2018-06-20T15:00:00+09:00,PST
434,ヌーベル・トリコロール,高山紗代子,"純粋に広がる夢をイメージした白
に、特別な3つの色をあしらいま
した。3つの新しい輝きが、支え
合うように互いを照らします。",costume_07,ex007,2018-06-29T00:00:00+09:00,1st
435,ヌーベル・トリコロール+,高山紗代子,"「ヌーベル・トリコロール」の
アナザー衣装です。",costume_07_v,ex107,2018-06-29T00:00:00+09:00,1st
436,海理音キャプテンユニフォーム,高山紗代子,"海理音高校、超ビーチバレー部
キャプテンの水着。大人っぽさと
機能性を両立したデザイン。
あきらめない心が勝利を導く！",027say0084,ss002,2018-08-20T15:00:00+09:00,恒常SSR
437,海理音キャプテンユニフォーム+,高山紗代子,"「海理音キャプテンユニフォーム
」のアナザー衣装です。",027say0084_v,ss102,2018-08-20T15:00:00+09:00,恒常SSR
438,ノエル・ジョワイユ,高山紗代子,"最高のプレゼントは赤いドレスと
ベルの音色とともに…。聖夜に
舞い降りた、ひとりの少女の
歌声が、人々に幸せを届けます。",027say0094,ss003,2018-11-30T15:00:00+09:00,限定SSR
439,ノエル・ジョワイユ+,高山紗代子,"「ノエル・ジョワイユ」の
アナザー衣装です。",027say0094_v,ss103,2018-11-30T15:00:00+09:00,限定SSR
440,ルミエール・パピヨン,高山紗代子,"まるで蝶のように美しく軽やかに
光へと向かって羽ばたいていく
少女たち。誰も見たことのない
高みへ、さあ…一緒に行こう！",costume_12,ex012,2019-07-01T00:00:00+09:00,2nd
441,ルミエール・パピヨン+,高山紗代子,"「ルミエール・パピヨン」の
アナザー衣装です。",costume_12_v,ex112,2019-07-01T00:00:00+09:00,2nd
442,ハイスクールメイト,高山紗代子,"恋に友情、バイトに勉強。１日
２４時間だけじゃ全然足りない！
オトナが言う『一度きりの青春』
思いっきり楽しんでます☆",srufs045,sr045,2019-07-14T15:00:00+09:00,SR
443,ナチュラルグレイス,高山紗代子,"豊穣の女神をイメージした衣装。
豊かに実った作物は、自然の恵と
人々の努力の結晶なのです。
…さあ、おいしく召し上がれ♪",027say0144,ss004,2019-10-12T15:00:00+09:00,恒常SSR
444,ナチュラルグレイス+,高山紗代子,"「ナチュラルグレイス」の
アナザー衣装です。",027say0144_v,ss104,2019-10-12T15:00:00+09:00,恒常SSR
445,ハリー・ファントムシーフ,高山紗代子,"狙ったエモノは必ず頂戴します♡
神出鬼没の新米女怪盗、参上！
監視カメラも赤外線センサーも、
私にかかれば楽勝……あ、あれ？",027say0174,ss005,2020-05-18T15:00:00+09:00,限定SSR
446,ハリー・ファントムシーフ+,高山紗代子,"「ハリー・ファントムシーフ」の
アナザー衣装です。",027say0174_v,ss105,2020-05-18T15:00:00+09:00,限定SSR
447,パッションパラダイス,松田亜利沙,"元気いっぱいの彼女たちを連想
させる、パッショナブルドレス！
キュートなリボンで愛らしさを
引き立たせて、一緒に踊ろうよ♪",028ari0043,sr009,2018-01-04T15:00:00+09:00,PST
448,パッションパラダイス+,松田亜利沙,"「パッションパラダイス」の
アナザー衣装です。",028ari0043_v,sr109,2018-01-04T15:00:00+09:00,PST
449,スターリングレボリューション,松田亜利沙,"思わず目を引くチェックの衣装。
優しい色の中にそっと添えられた
星のグラデーションはまるで流星
のように輝く姿を表しています。",028ari0054,ss001,2018-03-31T15:00:00+09:00,限定SSR
450,スターリングレボリューション+,松田亜利沙,"「スターリングレボリューション
」のアナザー衣装です。",028ari0054_v,ss101,2018-03-31T15:00:00+09:00,限定SSR
451,スターリングレボリューション++,松田亜利沙,"「スターリングレボリューション
」のアナザー2衣装です。",028ari0054_v2,ss201,2018-03-31T15:00:00+09:00,限定SSR
452,ヌーベル・トリコロール,松田亜利沙,"純粋に広がる夢をイメージした白
に、特別な3つの色をあしらいま
した。3つの新しい輝きが、支え
合うように互いを照らします。",costume_07,ex007,2018-06-29T00:00:00+09:00,1st
453,ヌーベル・トリコロール+,松田亜利沙,"「ヌーベル・トリコロール」の
アナザー衣装です。",costume_07_v,ex107,2018-06-29T00:00:00+09:00,1st
454,デビルズ★チェッカー,松田亜利沙,"はーい、チェック、チェック！
このドレスのアクマ的可愛さ
ポイント、絶対に見逃さないで！
見逃したら…悪戯しちゃいます★",028ari0084,ss002,2018-10-02T15:00:00+09:00,恒常SSR
455,デビルズ★チェッカー+,松田亜利沙,"「デビルズ★チェッカー」の
アナザー衣装です。",028ari0084_v,ss102,2018-10-02T15:00:00+09:00,恒常SSR
456,ハイスクールメイト,松田亜利沙,"恋に友情、バイトに勉強。１日
２４時間だけじゃ全然足りない！
オトナが言う『一度きりの青春』
思いっきり楽しんでます☆",srufs045,sr045,2019-06-19T15:00:00+09:00,SR
457,ルミエール・パピヨン,松田亜利沙,"まるで蝶のように美しく軽やかに
光へと向かって羽ばたいていく
少女たち。誰も見たことのない
高みへ、さあ…一緒に行こう！",costume_12,ex012,2019-07-01T00:00:00+09:00,2nd
458,ルミエール・パピヨン+,松田亜利沙,"「ルミエール・パピヨン」の
アナザー衣装です。",costume_12_v,ex112,2019-07-01T00:00:00+09:00,2nd
459,バウンシング・ネオン,松田亜利沙,"ネオンカラーのキュートでポップ
な衣装☆羽が生えてるみたいに
軽快なステップで、キミの心も
うっきうきに弾ませちゃうよ♪",028ari0144,ss003,2019-09-11T15:00:00+09:00,限定SSR
460,バウンシング・ネオン+,松田亜利沙,"「バウンシング・ネオン」の
アナザー衣装です。",028ari0144_v,ss103,2019-09-11T15:00:00+09:00,限定SSR
461,コーロ♪ビバーチェ,松田亜利沙,"音楽の知識や経験は問いません！
音を楽しむキモチと個性いっぱい
の歌声を合わせて…さあ、皆で
作る最高の演奏会、開演です♪",028ari0163,sr082,2020-04-02T15:00:00+09:00,PST
462,コーロ♪ビバーチェ+,松田亜利沙,"「コーロ♪ビバーチェ」の
アナザー衣装です。",028ari0163_v,sr182,2020-04-02T15:00:00+09:00,PST
463,パッションエナジー！,高坂海美,"エネルギッシュなピンクが魅力の
キュートな衣装。星の輝きにも
負けないパワーで、みんなの心に
トキメキをフルチャージ！",029umi0054,ss001,2018-02-11T15:00:00+09:00,恒常SSR
464,パッションエナジー！+,高坂海美,"「パッションエナジー！」の
アナザー衣装です。",029umi0054_v,ss101,2018-02-11T15:00:00+09:00,恒常SSR
465,パッションエナジー！++,高坂海美,"「パッションエナジー！」の
アナザー2衣装です。",029umi0054_v2,ss201,2018-02-11T15:00:00+09:00,恒常SSR
466,ヌーベル・トリコロール,高坂海美,"純粋に広がる夢をイメージした白
に、特別な3つの色をあしらいま
した。3つの新しい輝きが、支え
合うように互いを照らします。",costume_07,ex007,2018-06-29T00:00:00+09:00,1st
467,ヌーベル・トリコロール+,高坂海美,"「ヌーベル・トリコロール」の
アナザー衣装です。",costume_07_v,ex107,2018-06-29T00:00:00+09:00,1st
468,超ビーチバレー水着・海理音,高坂海美,"超ビーチバレー選手たちの夢が
詰まった水着。スポーティで動き
やすいデザイン。心に秘めていた
情熱を、コートにぶつけろ！",029umi0083,sr023,2018-08-20T15:00:00+09:00,PST
469,超ビーチバレー水着・海理音+,高坂海美,"「超ビーチバレー水着・海理音」
のアナザー衣装です。",029umi0083_v,sr123,2018-08-20T15:00:00+09:00,PST
470,ワンダーランド・プリンセス,高坂海美,"気分はまるでおとぎ話のお姫様♪
女子力満開のメルヘンドレスで、
夢も、幸せも、素敵な王子様も、
スキップで迎えにいっちゃおう☆",029umi0104,ss002,2018-11-13T15:00:00+09:00,恒常SSR
471,ワンダーランド・プリンセス+,高坂海美,"「ワンダーランド・プリンセス」
のアナザー衣装です。",029umi0104_v,ss102,2018-11-13T15:00:00+09:00,恒常SSR
472,ブリリアント・マーチ,高坂海美,"可愛いもカッコいいも私のもの！
華やかピンクがクールな黒で引き
締まる、キュート＆ビューティー
なドレスで、３月を華麗に行進♪",029umi0124,ss003,2019-02-28T15:00:00+09:00,限定SSR
473,ブリリアント・マーチ+,高坂海美,"「ブリリアント・マーチ」の
アナザー衣装です。",029umi0124_v,ss103,2019-02-28T15:00:00+09:00,限定SSR
474,ルミエール・パピヨン,高坂海美,"まるで蝶のように美しく軽やかに
光へと向かって羽ばたいていく
少女たち。誰も見たことのない
高みへ、さあ…一緒に行こう！",costume_12,ex012,2019-07-01T00:00:00+09:00,2nd
475,ルミエール・パピヨン+,高坂海美,"「ルミエール・パピヨン」の
アナザー衣装です。",costume_12_v,ex112,2019-07-01T00:00:00+09:00,2nd
476,神子の祭娯,高坂海美,"新たな門出をド派手にお祝い！
パワフルなアイドルパワーで
どんな災厄も吹き飛ばそう！
これで先行きは絶好調♪",029umi0174,ss004,2020-01-11T15:00:00+09:00,限定SSR
477,神子の祭娯+,高坂海美,"「神子の祭娯」の
アナザー衣装です。",029umi0174_v,ss104,2020-01-11T15:00:00+09:00,限定SSR
478,ハイスクールメイト,高坂海美,"恋に友情、バイトに勉強。１日
２４時間だけじゃ全然足りない！
オトナが言う『一度きりの青春』
思いっきり楽しんでます☆",srufs045,sr045,2020-03-11T15:00:00+09:00,SR
479,プリティパーティー♪,中谷育,"愛らしいリボンを大胆にあしらっ
た衣装。散りばめられたアーガイ
ルとフラワー模様につつまれて、
女の子はみんなレディに大変身♪",030iku0044,ss001,2017-11-13T15:00:00+09:00,恒常SSR
480,プリティパーティー♪+,中谷育,"「プリティパーティー♪」の
アナザー衣装です。",030iku0044_v,ss101,2017-11-13T15:00:00+09:00,恒常SSR
481,プリティパーティー♪++,中谷育,"「プリティパーティー♪」の
アナザー2衣装です。",030iku0044_v2,ss201,2017-11-13T15:00:00+09:00,恒常SSR
482,トゥインクルスーツ,中谷育,"戦う女の子は強くて美しい…。
でも可愛さだって大事なんです！
心の奥に秘めた、揺るがぬ正義は
彼女たちの戦うバイタリティ。",030iku0053,sr014,2018-03-20T15:00:00+09:00,PST
483,トゥインクルスーツ+,中谷育,"「トゥインクルスーツ」の
アナザー衣装です。",030iku0053_v,sr114,2018-03-20T15:00:00+09:00,PST
484,ヌーベル・トリコロール,中谷育,"純粋に広がる夢をイメージした白
に、特別な3つの色をあしらいま
した。3つの新しい輝きが、支え
合うように互いを照らします。",costume_07,ex007,2018-06-29T00:00:00+09:00,1st
485,ヌーベル・トリコロール+,中谷育,"「ヌーベル・トリコロール」の
アナザー衣装です。",costume_07_v,ex107,2018-06-29T00:00:00+09:00,1st
486,ふわもこ♡いちごミルク,中谷育,"リボンをたっぷり散りばめた
ふわふわモコモコ甘かわ衣装。
歌って踊って、みんなの心も
ぽかぽかあっためちゃいますよ♪",030iku0104,ss002,2019-01-20T15:00:00+09:00,限定SSR
487,ふわもこ♡いちごミルク+,中谷育,"「ふわもこ♡いちごミルク」の
アナザー衣装です。",030iku0104_v,ss102,2019-01-20T15:00:00+09:00,限定SSR
488,エレメンタリースクールメイト,中谷育,"瞳に映るものがすべてキラキラな
希望で胸いっぱいの小学生♪
今日も眩しい太陽の下、元気に
走って、いってきまーす！！",srufs050,sr050,2019-05-20T15:00:00+09:00,SR
489,ルミエール・パピヨン,中谷育,"まるで蝶のように美しく軽やかに
光へと向かって羽ばたいていく
少女たち。誰も見たことのない
高みへ、さあ…一緒に行こう！",costume_12,ex012,2019-07-01T00:00:00+09:00,2nd
490,ルミエール・パピヨン+,中谷育,"「ルミエール・パピヨン」の
アナザー衣装です。",costume_12_v,ex112,2019-07-01T00:00:00+09:00,2nd
491,ディバイン・アース,中谷育,"友の危機に、土の守護者は聖なる
黄金樹の衣を纏う大地の女神へと
覚醒する。熱き友情を力に変えて
さあ、拳を握り立ち上がろう！",030iku0154,ss003,2019-07-14T15:00:00+09:00,恒常SSR
492,ディバイン・アース+,中谷育,"「ディバイン・アース」の
アナザー衣装です。",030iku0154_v,ss103,2019-07-14T15:00:00+09:00,恒常SSR
493,チャーミー・ファング,中谷育,"私はヴァンパイア。人智を超えた
気高き闇の眷属…。みたいだよ？
「カワイイ～」って油断してると
かぷーってしちゃうんだからね！",030iku0164,ss004,2019-09-27T15:00:00+09:00,FES
494,チャーミー・ファング+,中谷育,"「チャーミー・ファング」の
アナザー衣装です。",030iku0164_v,ss104,2019-09-27T15:00:00+09:00,FES
495,スウィング・ウィズ・ユー,中谷育,"時計模様をかわいくあしらった
がんばりやさんのための衣装。
なんだって一人でできるけど…、
ときどきは、二人でいさせてね。",030iku0184,ss005,2020-05-11T15:00:00+09:00,恒常SSR
496,スウィング・ウィズ・ユー+,中谷育,"「スウィング・ウィズ・ユー」の
アナザー衣装です。",030iku0184_v,ss105,2020-05-11T15:00:00+09:00,恒常SSR
497,ル・シエル・エターナル,天空橋朋花,"美しい青をキュートで爽やかに
使用した衣装。流れるように
あしらわれたリボンが、限りなく
続く空を優雅に表現している。",031tom0054,ss001,2018-04-22T15:00:00+09:00,恒常SSR
498,ル・シエル・エターナル+,天空橋朋花,"「ル・シエル・エターナル」の
アナザー衣装です。",031tom0054_v,ss101,2018-04-22T15:00:00+09:00,恒常SSR
499,ル・シエル・エターナル++,天空橋朋花,"「ル・シエル・エターナル」の
アナザー2衣装です。",031tom0054_v2,ss201,2018-04-22T15:00:00+09:00,恒常SSR
500,ヌーベル・トリコロール,天空橋朋花,"純粋に広がる夢をイメージした白
に、特別な3つの色をあしらいま
した。3つの新しい輝きが、支え
合うように互いを照らします。",costume_07,ex007,2018-06-29T00:00:00+09:00,1st
501,ヌーベル・トリコロール+,天空橋朋花,"「ヌーベル・トリコロール」の
アナザー衣装です。",costume_07_v,ex107,2018-06-29T00:00:00+09:00,1st
502,ブルームーン・プリズム,天空橋朋花,"それは、青白くミステリアスな
月の光。または影。月の女神を
思わせる気品をまとったドレスで
胸に秘めた想いを奏でます。",031tom0083,sr025,2018-09-03T15:00:00+09:00,PST
503,ブルームーン・プリズム+,天空橋朋花,"「ブルームーン・プリズム」の
アナザー衣装です。",031tom0083_v,sr125,2018-09-03T15:00:00+09:00,PST
504,ナイツ・オブ・テンペランス,天空橋朋花,"天の恵みのような慈しみに満ちた
聖なるドレス。知っていますか？
誰かに愛される喜びを。それにも
勝る、誰かを愛する喜びを…。",031tom0094,ss002,2018-10-31T15:00:00+09:00,恒常SSR
505,ナイツ・オブ・テンペランス+,天空橋朋花,"「ナイツ・オブ・テンペランス」
のアナザー衣装です。",031tom0094_v,ss102,2018-10-31T15:00:00+09:00,恒常SSR
506,フラワー・テンプテーション,天空橋朋花,"芽吹きのフレッシュグリーンが
映える、エレガントな春の妖精の
ドレス。花に誘われた可憐な蝶が
帽子にそっと、佇んでいます。",031tom0114,ss003,2019-03-11T15:00:00+09:00,限定SSR
507,フラワー・テンプテーション+,天空橋朋花,"「フラワー・テンプテーション」
のアナザー衣装です。",031tom0114_v,ss103,2019-03-11T15:00:00+09:00,限定SSR
508,ルミエール・パピヨン,天空橋朋花,"まるで蝶のように美しく軽やかに
光へと向かって羽ばたいていく
少女たち。誰も見たことのない
高みへ、さあ…一緒に行こう！",costume_12,ex012,2019-07-01T00:00:00+09:00,2nd
509,ルミエール・パピヨン+,天空橋朋花,"「ルミエール・パピヨン」の
アナザー衣装です。",costume_12_v,ex112,2019-07-01T00:00:00+09:00,2nd
510,ジュニアハイスクールメイト,天空橋朋花,"少し大きめの制服に袖を通して、
ちょっとお姉さんになりました。
部活に勉強…『新しい』って、
大変だけど、とっても楽しい！",srufs049,sr049,2019-10-01T15:00:00+09:00,SR
511,アンジェリックなでしこ,エミリー,"キュートなデザインに、和のテイ
ストを上品に表現したドレス。
甘くて可愛い格子柄に可憐な紫の
撫子をアクセントに添えました。",032emi0034,ss001,2017-08-09T15:00:00+09:00,恒常SSR
512,アンジェリックなでしこ+,エミリー,"「アンジェリックなでしこ」の
アナザー衣装です。",032emi0034_v,ss101,2017-08-09T15:00:00+09:00,恒常SSR
513,アンジェリックなでしこ++,エミリー,"「アンジェリックなでしこ」の
アナザー2衣装です。",032emi0034_v2,ss201,2017-08-09T15:00:00+09:00,恒常SSR
514,蒼天の万華鏡,エミリー,"美しい蒼天の中に花を散らして
可憐に舞い踊る姿はまるで万華鏡
のよう…次々変わる花の表情から
目を逸らす事は出来ないのです。",032emi0064,ss002,2018-03-28T20:00:00+09:00,FES
515,蒼天の万華鏡+,エミリー,"「蒼天の万華鏡」の
アナザー衣装です。",032emi0064_v,ss102,2018-03-28T20:00:00+09:00,FES
516,蒼天の万華鏡++,エミリー,"「蒼天の万華鏡」の
アナザー2衣装です。",032emi0064_v2,ss202,2018-03-28T20:00:00+09:00,FES
517,フロウイングハーモニー,エミリー,"美しい泉から優しく湧き出る神秘
的な水をイメージしたドレス。
それは、どんな思いも美しいメロ
ディに乗せて歌う彼女達のよう。",032emi0073,sr019,2018-06-04T15:00:00+09:00,PST
518,フロウイングハーモニー+,エミリー,"「フロウイングハーモニー」の
アナザー衣装です。",032emi0073_v,sr119,2018-06-04T15:00:00+09:00,PST
519,ヌーベル・トリコロール,エミリー,"純粋に広がる夢をイメージした白
に、特別な3つの色をあしらいま
した。3つの新しい輝きが、支え
合うように互いを照らします。",costume_07,ex007,2018-06-29T00:00:00+09:00,1st
520,ヌーベル・トリコロール+,エミリー,"「ヌーベル・トリコロール」の
アナザー衣装です。",costume_07_v,ex107,2018-06-29T00:00:00+09:00,1st
521,ジュニアハイスクールメイト,エミリー,"少し大きめの制服に袖を通して、
ちょっとお姉さんになりました。
部活に勉強…『新しい』って、
大変だけど、とっても楽しい！",srufs049,sr049,2019-03-19T15:00:00+09:00,SR
522,ルミエール・パピヨン,エミリー,"まるで蝶のように美しく軽やかに
光へと向かって羽ばたいていく
少女たち。誰も見たことのない
高みへ、さあ…一緒に行こう！",costume_12,ex012,2019-07-01T00:00:00+09:00,2nd
523,ルミエール・パピヨン+,エミリー,"「ルミエール・パピヨン」の
アナザー衣装です。",costume_12_v,ex112,2019-07-01T00:00:00+09:00,2nd
524,鏡花水月の衣,エミリー,"影として生きる乙女の装束。夜の
闇に紛れ、時にはこの身を刃に
変え、ただ見つめるは己の使命。
華麗に可憐に、くのいち参上！",032emi0144,ss003,2019-07-23T15:00:00+09:00,限定SSR
525,鏡花水月の衣+,エミリー,"「鏡花水月の衣」の
アナザー衣装です。",032emi0144_v,ss103,2019-07-23T15:00:00+09:00,限定SSR
526,十六夜ラディアータ,エミリー,"百花を身に纏い、歌い上げ奉る
のは優艶で洒落た夜の世界。
扇を煽ぎ、舞い踊る姿は正に
『和』の美しさ、そのもの。",032emi0173,sr077,2020-01-20T15:00:00+09:00,PST
527,十六夜ラディアータ+,エミリー,"「十六夜ラディアータ」の
アナザー衣装です。",032emi0173_v,sr177,2020-01-20T15:00:00+09:00,PST
528,ベリーメリー♪メールガール,エミリー,"こんにちは！ヤギさん達と一緒に
お手紙をお届けに参りました♪
大切な皆様の気持ちを運ぶため、
いつでもどこでも向かいます！",032emi0184,ss004,2020-03-18T15:00:00+09:00,恒常SSR
529,ベリーメリー♪メールガール+,エミリー,"「ベリーメリー♪メールガール」
のアナザー衣装です。",032emi0184_v,ss104,2020-03-18T15:00:00+09:00,恒常SSR
530,クレシェンドグリッター,北沢志保,"5人の熱い想いをキラキラ輝く
星で表現しました。美しいグラ
デーションは切磋琢磨しながら
成長した彼女たちそのもの。",033sih0033,sr001,2017-08-12T15:00:00+09:00,PST
531,クレシェンドグリッター+,北沢志保,"「クレシェンドグリッター」の
アナザー衣装です。",033sih0033_v,sr101,2017-08-12T15:00:00+09:00,PST
532,チョコリエールローゼ,北沢志保,"甘くてほろ苦い…それはまるで
少女が恋したチョコレート。
アクセントのローズたちが、クラ
シカルな魅力を引き立てます。",033sih0044,ss001,2017-10-31T15:00:00+09:00,限定SSR
533,チョコリエールローゼ+,北沢志保,"「チョコリエールローゼ」の
アナザー衣装です。",033sih0044_v,ss101,2017-10-31T15:00:00+09:00,限定SSR
534,チョコリエールローゼ++,北沢志保,"「チョコリエールローゼ」の
アナザー2衣装です。",033sih0044_v2,ss201,2017-10-31T15:00:00+09:00,限定SSR
535,ヌーベル・トリコロール,北沢志保,"純粋に広がる夢をイメージした白
に、特別な3つの色をあしらいま
した。3つの新しい輝きが、支え
合うように互いを照らします。",costume_07,ex007,2018-06-29T00:00:00+09:00,1st
536,ヌーベル・トリコロール+,北沢志保,"「ヌーベル・トリコロール」の
アナザー衣装です。",costume_07_v,ex107,2018-06-29T00:00:00+09:00,1st
537,テンダリープラウド,北沢志保,"少女の誇りと、秘めた優しさを
表したドレス。輝く海の向こうを
見つめる貴方を、微笑みながら
支えてくれることでしょう…♪",033sih0094,ss002,2018-07-31T15:00:00+09:00,恒常SSR
538,テンダリープラウド+,北沢志保,"「テンダリープラウド」の
アナザー衣装です。",033sih0094_v,ss102,2018-07-31T15:00:00+09:00,恒常SSR
539,ブライト・オーロラジュエル,北沢志保,"冴え冴えとしたオーロラの光は、
少女の強い決意の色。まっすぐに
前へと進み続ける彼女の願いは、
ただ雪だけが知っている…。",033sih0114,ss003,2018-12-25T15:00:00+09:00,FES
540,ブライト・オーロラジュエル+,北沢志保,"「ブライト・オーロラジュエル」
のアナザー衣装です。",033sih0114_v,ss103,2018-12-25T15:00:00+09:00,FES
541,ジュニアハイスクールメイト,北沢志保,"少し大きめの制服に袖を通して、
ちょっとお姉さんになりました。
部活に勉強…『新しい』って、
大変だけど、とっても楽しい！",srufs049,sr049,2019-03-19T15:00:00+09:00,SR
542,ルミエール・パピヨン,北沢志保,"まるで蝶のように美しく軽やかに
光へと向かって羽ばたいていく
少女たち。誰も見たことのない
高みへ、さあ…一緒に行こう！",costume_12,ex012,2019-07-01T00:00:00+09:00,2nd
543,ルミエール・パピヨン+,北沢志保,"「ルミエール・パピヨン」の
アナザー衣装です。",costume_12_v,ex112,2019-07-01T00:00:00+09:00,2nd
544,空猫珈琲店 しっぽコーデ,北沢志保,"三姉妹の店、空猫珈琲店に居つく
クールな黒猫の着ぐるみ風衣装。
素っ気ないように見えても、お店
の皆を気にかけているんですよ。",033sih0163,sr070,2019-09-22T15:00:00+09:00,SR
545,パッケージド・アフェクション,北沢志保,"ドレスのリボンにあしらわれた、
薔薇の花言葉…秘めた想いに彼女
自身も気付いているのか。確か
めるように、少女は歩を進める。",033sih0174,ss005,2020-01-31T15:00:00+09:00,限定SSR
546,パッケージド・アフェクション+,北沢志保,"「パッケージド・アフェクション
」のアナザー衣装です。",033sih0174_v,ss105,2020-01-31T15:00:00+09:00,限定SSR
547,誰ソ彼ノ淵・メイド,北沢志保,"館の主人に仕える寡黙なメイド。
命じられるまま着実に『仕事』を
こなすその様は、沈着で真面目
ながら、どこか謎めいている…。",033sih0184,ss004,2020-04-19T15:00:00+09:00,恒常SSR
548,誰ソ彼ノ淵・メイド+,北沢志保,"「誰ソ彼ノ淵・メイド」の
アナザー衣装です。",033sih0184_v,ss104,2020-04-19T15:00:00+09:00,恒常SSR
549,シェイキングビート！,舞浜歩,"クールなミュージックが流れたら
そこはいつだってホットサマー！
リズムに合わせて揺れるアクセが
ハートビートをシェイキング！",034ayu0044,ss001,2017-12-13T15:00:00+09:00,恒常SSR
550,シェイキングビート！+,舞浜歩,"「シェイキングビート！」の
アナザー衣装です。",034ayu0044_v,ss101,2017-12-13T15:00:00+09:00,恒常SSR
551,シェイキングビート！++,舞浜歩,"「シェイキングビート！」の
アナザー2衣装です。",034ayu0044_v2,ss201,2017-12-13T15:00:00+09:00,恒常SSR
552,Go Ahead! BIRTH!,舞浜歩,"黒を基調としたクールなドレス。
カッコよさの中にある可愛さは、
女の子の心のなかに潜んでいる
ささやかな乙女心の証…☆",034ayu0053,sr017,2018-05-04T15:00:00+09:00,PST
553,Go Ahead! BIRTH!+,舞浜歩,"「Go Ahead! BIRTH!」の
アナザー衣装です。",034ayu0053_v,sr117,2018-05-04T15:00:00+09:00,PST
554,ヌーベル・トリコロール,舞浜歩,"純粋に広がる夢をイメージした白
に、特別な3つの色をあしらいま
した。3つの新しい輝きが、支え
合うように互いを照らします。",costume_07,ex007,2018-06-29T00:00:00+09:00,1st
555,ヌーベル・トリコロール+,舞浜歩,"「ヌーベル・トリコロール」の
アナザー衣装です。",costume_07_v,ex107,2018-06-29T00:00:00+09:00,1st
556,ダークネス・アメジスト,舞浜歩,"闇に溶ける紫水晶をイメージした
ドレス。その深く、ひそやかな
輝きに触れた時、貴方は永遠の
囚われ人となるでしょう…。",034ayu0084,ss002,2018-10-02T15:00:00+09:00,限定SSR
557,ダークネス・アメジスト+,舞浜歩,"「ダークネス・アメジスト」の
アナザー衣装です。",034ayu0084_v,ss102,2018-10-02T15:00:00+09:00,限定SSR
558,ドラマティックシーン,舞浜歩,"ショータイムに胸は躍る。最高の
パフォーマンスを披露しよう！
後悔なんてさせないから、どうか
フィナーレまで、じっと見届けて。",034ayu0114,ss003,2019-05-11T15:00:00+09:00,恒常SSR
559,ドラマティックシーン+,舞浜歩,"「ドラマティックシーン」の
アナザー衣装です。",034ayu0114_v,ss103,2019-05-11T15:00:00+09:00,恒常SSR
560,ルミエール・パピヨン,舞浜歩,"まるで蝶のように美しく軽やかに
光へと向かって羽ばたいていく
少女たち。誰も見たことのない
高みへ、さあ…一緒に行こう！",costume_12,ex012,2019-07-01T00:00:00+09:00,2nd
561,ルミエール・パピヨン+,舞浜歩,"「ルミエール・パピヨン」の
アナザー衣装です。",costume_12_v,ex112,2019-07-01T00:00:00+09:00,2nd
562,リバイバル・ダンサー,舞浜歩,"眩いレーザーと熱気が波のように
押し寄せるディスコ。時代を
超越した絶対的パフォーマンスで
誰だってトリコにしてみせる！",034ayu0173,sr083,2020-05-18T15:00:00+09:00,PST
563,リバイバル・ダンサー+,舞浜歩,"「リバイバル・ダンサー」の
アナザー衣装です。",034ayu0173_v,sr183,2020-05-18T15:00:00+09:00,PST
564,ラブリーフルーティア,木下ひなた,"つややかで甘い香りが漂いそうな
キュートな衣装♪ちょっぴり
レトロなデザインが、より一層
親しみを感じさせてくれます。",035hin0034,ss001,2017-10-11T15:00:00+09:00,恒常SSR
565,ラブリーフルーティア+,木下ひなた,"「ラブリーフルーティア」の
アナザー衣装です。",035hin0034_v,ss101,2017-10-11T15:00:00+09:00,恒常SSR
566,ラブリーフルーティア++,木下ひなた,"「ラブリーフルーティア」の
アナザー2衣装です。",035hin0034_v2,ss201,2017-10-11T15:00:00+09:00,恒常SSR
567,ヌーベル・トリコロール,木下ひなた,"純粋に広がる夢をイメージした白
に、特別な3つの色をあしらいま
した。3つの新しい輝きが、支え
合うように互いを照らします。",costume_07,ex007,2018-06-29T00:00:00+09:00,1st
568,ヌーベル・トリコロール+,木下ひなた,"「ヌーベル・トリコロール」の
アナザー衣装です。",costume_07_v,ex107,2018-06-29T00:00:00+09:00,1st
569,カントリー♡テディ,木下ひなた,"ある日、森の中で出会ったのは
キュートなクマでした♡
一緒におやつを食べて、友達に
なったら、仲良く歌いましょう♪",035hin0084,ss002,2018-10-12T15:00:00+09:00,恒常SSR
570,カントリー♡テディ+,木下ひなた,"「カントリー♡テディ」の
アナザー衣装です。",035hin0084_v,ss102,2018-10-12T15:00:00+09:00,恒常SSR
571,プラネット・ストレンジャー,木下ひなた,"銀河の彼方から地球にやって来た
ミリオン星人のコスチューム☆
みんなで、せーの！せんのー！
せーふく！せんせーしょん！",035hin0103,sr053,2019-03-19T15:00:00+09:00,PST
572,プラネット・ストレンジャー+,木下ひなた,"「プラネット・ストレンジャー」
のアナザー衣装です。",035hin0103_v,sr153,2019-03-19T15:00:00+09:00,PST
573,シュシュ・ブーランジェ,木下ひなた,"ふかふかほかほか、焼き立てパン
の匂いのように、みんなを幸せな
気持ちにしてくれる。可愛らしい
あの子にぴったりの衣装です！",035hin0114,ss003,2019-06-11T15:00:00+09:00,限定SSR
574,シュシュ・ブーランジェ+,木下ひなた,"「シュシュ・ブーランジェ」の
アナザー衣装です。",035hin0114_v,ss103,2019-06-11T15:00:00+09:00,限定SSR
575,ルミエール・パピヨン,木下ひなた,"まるで蝶のように美しく軽やかに
光へと向かって羽ばたいていく
少女たち。誰も見たことのない
高みへ、さあ…一緒に行こう！",costume_12,ex012,2019-07-01T00:00:00+09:00,2nd
576,ルミエール・パピヨン+,木下ひなた,"「ルミエール・パピヨン」の
アナザー衣装です。",costume_12_v,ex112,2019-07-01T00:00:00+09:00,2nd
577,ジュニアハイスクールメイト,木下ひなた,"少し大きめの制服に袖を通して、
ちょっとお姉さんになりました。
部活に勉強…『新しい』って、
大変だけど、とっても楽しい！",srufs049,sr049,2019-08-31T15:00:00+09:00,SR
578,フラフィースプライト,木下ひなた,"草原に咲く花を手に取れば、
懐かしく温かい思い出が花開く。
少女の優しい心は、綿毛に乗って
どこまでも飛んでいくのです…♪",035hin0174,ss004,2020-04-02T15:00:00+09:00,限定SSR
579,フラフィースプライト+,木下ひなた,"「フラフィースプライト」の
アナザー衣装です。",035hin0174_v,ss104,2020-04-02T15:00:00+09:00,限定SSR
580,フラワーリングパレード,矢吹可奈,"元気いっぱい咲いている花たちが
まるで歌い出すかのような衣装。
陽気なリズムに乗って、さぁ
一緒に歌いましょう♪",036kan0044,ss001,2017-09-20T15:00:00+09:00,恒常SSR
581,フラワーリングパレード+,矢吹可奈,"「フラワーリングパレード」の
アナザー衣装です。",036kan0044_v,ss101,2017-09-20T15:00:00+09:00,恒常SSR
582,フラワーリングパレード++,矢吹可奈,"「フラワーリングパレード」の
アナザー2衣装です。",036kan0044_v2,ss201,2017-09-20T15:00:00+09:00,恒常SSR
583,ヌーベル・トリコロール,矢吹可奈,"純粋に広がる夢をイメージした白
に、特別な3つの色をあしらいま
した。3つの新しい輝きが、支え
合うように互いを照らします。",costume_07,ex007,2018-06-29T00:00:00+09:00,1st
584,ヌーベル・トリコロール+,矢吹可奈,"「ヌーベル・トリコロール」の
アナザー衣装です。",costume_07_v,ex107,2018-06-29T00:00:00+09:00,1st
585,サンシャイン・プリズム,矢吹可奈,"太陽の下、弾けるリズムに乗って
歌って踊れば、それが私達の
ハッピー☆オーケストラ！
さあ、夢鳴らそうよ♪",036kan0083,sr022,2018-08-03T15:00:00+09:00,PST
586,サンシャイン・プリズム+,矢吹可奈,"「サンシャイン・プリズム」の
アナザー衣装です。",036kan0083_v,sr122,2018-08-03T15:00:00+09:00,PST
587,ディライト・スノードロップ,矢吹可奈,"私が輝けるのは、雪原に降り注ぐ
オーロラの光のように、あなたが
照らしてくれるから。ねえ、
一緒にみんなを笑顔にしよう！",036kan0104,ss002,2018-12-25T15:00:00+09:00,FES
588,ディライト・スノードロップ+,矢吹可奈,"「ディライト・スノードロップ」
のアナザー衣装です。",036kan0104_v,ss102,2018-12-25T15:00:00+09:00,FES
589,スマイリーアプローズ,矢吹可奈,"煌めく魔法のような世界が広がる
サーカステント。どんな人でも
笑顔にさせちゃう彼女は、実は
ホンモノの魔法使いなのかも…？",036kan0134,ss003,2019-05-11T15:00:00+09:00,限定SSR
590,スマイリーアプローズ+,矢吹可奈,"「スマイリーアプローズ」の
アナザー衣装です。",036kan0134_v,ss103,2019-05-11T15:00:00+09:00,限定SSR
591,ルミエール・パピヨン,矢吹可奈,"まるで蝶のように美しく軽やかに
光へと向かって羽ばたいていく
少女たち。誰も見たことのない
高みへ、さあ…一緒に行こう！",costume_12,ex012,2019-07-01T00:00:00+09:00,2nd
592,ルミエール・パピヨン+,矢吹可奈,"「ルミエール・パピヨン」の
アナザー衣装です。",costume_12_v,ex112,2019-07-01T00:00:00+09:00,2nd
593,ジュニアハイスクールメイト,矢吹可奈,"少し大きめの制服に袖を通して、
ちょっとお姉さんになりました。
部活に勉強…『新しい』って、
大変だけど、とっても楽しい！",srufs049,sr049,2019-07-31T15:00:00+09:00,SR
594,N県K市立高等学校指定制服,矢吹可奈,"どこにでもいるような、普通の
女の子。そんな私が、どうして
…選ばれてしまったのだろう。
答えはあの闇の中に『いる』…。",036kan0163,sr067,2019-09-03T15:00:00+09:00,PST
595,N県K市立高等学校指定制服+,矢吹可奈,"「N県K市立高等学校指定制服」
のアナザー衣装です。",036kan0163_v,sr167,2019-09-03T15:00:00+09:00,PST
596,ミーツ・ザ・ノーツ,矢吹可奈,"悲しくなったり泣きたくなったら
いっしょに歌ってみない？元気に
なれるおまじない、たくさんの
音符に乗って届くといいな♪",036kan0184,ss004,2020-02-11T15:00:00+09:00,恒常SSR
597,ミーツ・ザ・ノーツ+,矢吹可奈,"「ミーツ・ザ・ノーツ」の
アナザー衣装です。",036kan0184_v,ss104,2020-02-11T15:00:00+09:00,恒常SSR
598,レオパルドチェッカー,横山奈緒,"キュートで可愛いチェック柄に、
ちょっぴりワイルドなヒョウ柄を
合わせて、スパイシーキュートな
女の子に変身しちゃおう！",037nao0054,ss001,2017-12-31T15:00:00+09:00,限定SSR
599,レオパルドチェッカー+,横山奈緒,"「レオパルドチェッカー」の
アナザー衣装です。",037nao0054_v,ss101,2017-12-31T15:00:00+09:00,限定SSR
600,レオパルドチェッカー++,横山奈緒,"「レオパルドチェッカー」の
アナザー2衣装です。",037nao0054_v2,ss201,2017-12-31T15:00:00+09:00,限定SSR
601,ラ・ビジューロゼ,横山奈緒,"ローズピンクのキュートな
ハイヒールが魅力のドレス。
ヒールの弾む靴音が聞こえたら、
あなたの心もきっと踊りだす…♪",037nao0074,ss002,2018-06-18T15:00:00+09:00,恒常SSR
602,ラ・ビジューロゼ+,横山奈緒,"「ラ・ビジューロゼ」の
アナザー衣装です。",037nao0074_v,ss102,2018-06-18T15:00:00+09:00,恒常SSR
603,ヌーベル・トリコロール,横山奈緒,"純粋に広がる夢をイメージした白
に、特別な3つの色をあしらいま
した。3つの新しい輝きが、支え
合うように互いを照らします。",costume_07,ex007,2018-06-29T00:00:00+09:00,1st
604,ヌーベル・トリコロール+,横山奈緒,"「ヌーベル・トリコロール」の
アナザー衣装です。",costume_07_v,ex107,2018-06-29T00:00:00+09:00,1st
605,メルヘン・フォレスト,横山奈緒,"兄妹が迷い込んだのは魔法の森。
勇気と機転で悪い魔女を倒した
グレーテルは、お菓子の家の
新しいご主人になりましたとさ♪",037nao0114,ss003,2019-02-11T15:00:00+09:00,限定SSR
606,メルヘン・フォレスト+,横山奈緒,"「メルヘン・フォレスト」の
アナザー衣装です。",037nao0114_v,ss103,2019-02-11T15:00:00+09:00,限定SSR
607,ルミエール・パピヨン,横山奈緒,"まるで蝶のように美しく軽やかに
光へと向かって羽ばたいていく
少女たち。誰も見たことのない
高みへ、さあ…一緒に行こう！",costume_12,ex012,2019-07-01T00:00:00+09:00,2nd
608,ルミエール・パピヨン+,横山奈緒,"「ルミエール・パピヨン」の
アナザー衣装です。",costume_12_v,ex112,2019-07-01T00:00:00+09:00,2nd
609,キャンサー・ザ・ランナー,横山奈緒,"勝っても負けても恨みっこなしの
真剣勝負！あの子に勝つから意味
があるんだ。…あの子もきっと、
私と同じことを考えてるから。",037nao0133,sr029,2019-08-04T15:00:00+09:00,PST
610,キャンサー・ザ・ランナー+,横山奈緒,"「キャンサー・ザ・ランナー」の
アナザー衣装です。",037nao0133_v,sr129,2019-08-04T15:00:00+09:00,PST
611,マタドール・アルマ,横山奈緒,"猛る巨牛も恐れない、激しい魂の
音色は赤く美しい。薔薇よりも
鮮やかで、血よりも濃い命の色を
漲らせて、キミの心をも貫こう！",037nao0144,ss004,2019-10-31T15:00:00+09:00,恒常SSR
612,マタドール・アルマ+,横山奈緒,"「マタドール・アルマ」の
アナザー衣装です。",037nao0144_v,ss104,2019-10-31T15:00:00+09:00,恒常SSR
613,ハイスクールメイト,横山奈緒,"恋に友情、バイトに勉強。１日
２４時間だけじゃ全然足りない！
オトナが言う『一度きりの青春』
思いっきり楽しんでます☆",srufs045,sr045,2020-04-02T15:00:00+09:00,SR
614,エレガンスブライト,二階堂千鶴,"それは優雅に羽ばたく蝶のよう…
上品に閃くオレンジ色が印象的な
エレガントな衣装。軽やかに舞う
レディを絵画のように彩ります。",038chz0034,ss001,2017-10-20T15:00:00+09:00,恒常SSR
615,エレガンスブライト+,二階堂千鶴,"「エレガンスブライト」の
アナザー衣装です。",038chz0034_v,ss101,2017-10-20T15:00:00+09:00,恒常SSR
616,エレガンスブライト++,二階堂千鶴,"「エレガンスブライト」の
アナザー2衣装です。",038chz0034_v2,ss201,2017-10-20T15:00:00+09:00,恒常SSR
617,ブランエノワール,二階堂千鶴,"白と黒。それは交わることのない
悲しきモノトーン。どんなに遠く
ても、表裏一体。永遠に届かなく
てもいいの…それが運命ならば。",038chz0043,sr010,2018-01-19T15:00:00+09:00,PST
618,ブランエノワール+,二階堂千鶴,"「ブランエノワール」の
アナザー衣装です。",038chz0043_v,sr110,2018-01-19T15:00:00+09:00,PST
619,ベルガモット・ハイビスカス,二階堂千鶴,"パッションカラーの水着を上品な
ワンピース風に仕立てました。
浜辺を歩くとふわりと広がる裾は
海風のおちゃめなイタズラ…♪",038chz0064,ss002,2018-07-03T15:00:00+09:00,限定SSR
620,ベルガモット・ハイビスカス+,二階堂千鶴,"「ベルガモット・ハイビスカス」
のアナザー衣装です。",038chz0064_v,ss102,2018-07-03T15:00:00+09:00,限定SSR
621,ヌーベル・トリコロール,二階堂千鶴,"純粋に広がる夢をイメージした白
に、特別な3つの色をあしらいま
した。3つの新しい輝きが、支え
合うように互いを照らします。",costume_07,ex007,2018-06-29T00:00:00+09:00,1st
622,ヌーベル・トリコロール+,二階堂千鶴,"「ヌーベル・トリコロール」の
アナザー衣装です。",costume_07_v,ex107,2018-06-29T00:00:00+09:00,1st
623,プリズム・グレイス,二階堂千鶴,"七色の輝きを閉じこめたドレスを
纏い、女神は歌い始める。
聖なるひととき、彼女が愛する
世界を祝福で包み込むために。",038chz0094,ss003,2018-12-12T21:00:00+09:00,恒常SSR
624,プリズム・グレイス+,二階堂千鶴,"「プリズム・グレイス」の
アナザー衣装です。",038chz0094_v,ss103,2018-12-12T21:00:00+09:00,恒常SSR
625,ルミエール・パピヨン,二階堂千鶴,"まるで蝶のように美しく軽やかに
光へと向かって羽ばたいていく
少女たち。誰も見たことのない
高みへ、さあ…一緒に行こう！",costume_12,ex012,2019-07-01T00:00:00+09:00,2nd
626,ルミエール・パピヨン+,二階堂千鶴,"「ルミエール・パピヨン」の
アナザー衣装です。",costume_12_v,ex112,2019-07-01T00:00:00+09:00,2nd
627,カレッジメイト,二階堂千鶴,"オトナなスーツで身を包んだら
何だかキリッとした気分。今より
少し未来で私を待っている、
ステキな夢に向かって一歩前進！",srufs051,sr051,2019-07-23T15:00:00+09:00,SR
628,誰ソ彼ノ淵・女主人,二階堂千鶴,"新鮮な食材で調理されたソレを
前に、美貌の女主人は会話に花を
咲かせ、満悦の表情を浮かべる。
その真意を仮面に潜めながら…。",038chz0154,ss004,2020-04-19T15:00:00+09:00,恒常SSR
629,誰ソ彼ノ淵・女主人+,二階堂千鶴,"「誰ソ彼ノ淵・女主人」の
アナザー衣装です。",038chz0154_v,ss104,2020-04-19T15:00:00+09:00,恒常SSR
630,ピーチフルール,馬場このみ,"キュートで愛らしい桃色ドレス。
可愛さの中にちょこっとブラック
を添えた、絶妙な甘辛テイストで
オトナの魅力を引き立たせます。",039kon0054,ss001,2018-02-28T15:00:00+09:00,限定SSR
631,ピーチフルール+,馬場このみ,"「ピーチフルール」の
アナザー衣装です。",039kon0054_v,ss101,2018-02-28T15:00:00+09:00,限定SSR
632,ピーチフルール++,馬場このみ,"「ピーチフルール」の
アナザー2衣装です。",039kon0054_v2,ss201,2018-02-28T15:00:00+09:00,限定SSR
633,ホワイトリップル,馬場このみ,"優しいさざなみをイメージした
衣装。静かな砂浜で聴いた優しい
波の音を連想するようなカーデが
貴方の心を優しく包み込みます。",039kon0074,ss002,2018-07-03T15:00:00+09:00,恒常SSR
634,ホワイトリップル+,馬場このみ,"「ホワイトリップル」の
アナザー衣装です。",039kon0074_v,ss102,2018-07-03T15:00:00+09:00,恒常SSR
635,ヌーベル・トリコロール,馬場このみ,"純粋に広がる夢をイメージした白
に、特別な3つの色をあしらいま
した。3つの新しい輝きが、支え
合うように互いを照らします。",costume_07,ex007,2018-06-29T00:00:00+09:00,1st
636,ヌーベル・トリコロール+,馬場このみ,"「ヌーベル・トリコロール」の
アナザー衣装です。",costume_07_v,ex107,2018-06-29T00:00:00+09:00,1st
637,鶴翼紅華衣,馬場このみ,"白い翼を衣に変え、胸にそっと
添えるは冬の大地に凛と咲いた
紅の華。そして彼女は飛び立つ、
助けてくれたあの人のもとへ…。",039kon0104,ss003,2019-02-11T15:00:00+09:00,恒常SSR
638,鶴翼紅華衣+,馬場このみ,"「鶴翼紅華衣」の
アナザー衣装です。",039kon0104_v,ss103,2019-02-11T15:00:00+09:00,恒常SSR
639,ルミエール・パピヨン,馬場このみ,"まるで蝶のように美しく軽やかに
光へと向かって羽ばたいていく
少女たち。誰も見たことのない
高みへ、さあ…一緒に行こう！",costume_12,ex012,2019-07-01T00:00:00+09:00,2nd
640,ルミエール・パピヨン+,馬場このみ,"「ルミエール・パピヨン」の
アナザー衣装です。",costume_12_v,ex112,2019-07-01T00:00:00+09:00,2nd
641,シャルム・ニュイ,馬場このみ,"月と星々を観客にして、さあ、
夜をうたいましょう。…あらあら
子どもはベッドでお眠りなさい。
今はオトナだけの時間よ？",039kon0143,sr073,2019-11-18T15:00:00+09:00,PST
642,シャルム・ニュイ+,馬場このみ,"「シャルム・ニュイ」の
アナザー衣装です。",039kon0143_v,sr173,2019-11-18T15:00:00+09:00,PST
643,純炎・天衣無縫,馬場このみ,"この１局で…決める！笑顔で放つ
完全勝利宣言！でも負けても気を
落とさないでね。素敵な歌と
ダンスを見せてあげるから♪",039kon0154,ss004,2020-03-18T15:00:00+09:00,限定SSR
644,純炎・天衣無縫+,馬場このみ,"「純炎・天衣無縫」の
アナザー衣装です。",039kon0154_v,ss104,2020-03-18T15:00:00+09:00,限定SSR
645,オフィスメイト,馬場このみ,"胸に抱いたキラキラした希望は、
ずっと忘れない宝物だから…。
これからも、たくさん悩んで
いっぱい笑って歩いて行こう！",srufs052,sr052,2020-04-11T15:00:00+09:00,SR
646,ブレイジングサンシャイン,大神環,"元気いっぱいビタミンカラー！
見てるだけでワクワクエネルギー
をチャージ出来そうな衣装に、
太陽も嫉妬しちゃうかも…！？",040tam0044,ss001,2017-11-21T15:00:00+09:00,恒常SSR
647,ブレイジングサンシャイン+,大神環,"「ブレイジングサンシャイン」の
アナザー衣装です。",040tam0044_v,ss101,2017-11-21T15:00:00+09:00,恒常SSR
648,ブレイジングサンシャイン++,大神環,"「ブレイジングサンシャイン」の
アナザー2衣装です。",040tam0044_v2,ss201,2017-11-21T15:00:00+09:00,恒常SSR
649,ヌーベル・トリコロール,大神環,"純粋に広がる夢をイメージした白
に、特別な3つの色をあしらいま
した。3つの新しい輝きが、支え
合うように互いを照らします。",costume_07,ex007,2018-06-29T00:00:00+09:00,1st
650,ヌーベル・トリコロール+,大神環,"「ヌーベル・トリコロール」の
アナザー衣装です。",costume_07_v,ex107,2018-06-29T00:00:00+09:00,1st
651,ガール・オブ・ブンガク,大神環,"知性とかわいさを兼ね備えた、
リボンがアクセントの上品な
ドレス。かかとを鳴らして、
本の世界を軽やかに駆け回ろう！",040tam0074,ss002,2018-08-31T15:00:00+09:00,恒常SSR
652,ガール・オブ・ブンガク+,大神環,"「ガール・オブ・ブンガク」の
アナザー衣装です。",040tam0074_v,ss102,2018-08-31T15:00:00+09:00,恒常SSR
653,ジャンピン・ジャングル,大神環,"元気いっぱい！自然がいっぱい！
ワイルドなのに、カワイさ満点。
体が勝手に踊り出して、雄叫びを
あげちゃうよ！ＳＡＹウンババ！",040tam0083,sr041,2018-11-05T15:00:00+09:00,PST
654,ジャンピン・ジャングル+,大神環,"「ジャンピン・ジャングル」の
アナザー衣装です。",040tam0083_v,sr141,2018-11-05T15:00:00+09:00,PST
655,ルミエール・パピヨン,大神環,"まるで蝶のように美しく軽やかに
光へと向かって羽ばたいていく
少女たち。誰も見たことのない
高みへ、さあ…一緒に行こう！",costume_12,ex012,2019-07-01T00:00:00+09:00,2nd
656,ルミエール・パピヨン+,大神環,"「ルミエール・パピヨン」の
アナザー衣装です。",costume_12_v,ex112,2019-07-01T00:00:00+09:00,2nd
657,エレメンタリースクールメイト,大神環,"瞳に映るものがすべてキラキラな
希望で胸いっぱいの小学生♪
今日も眩しい太陽の下、元気に
走って、いってきまーす！！",srufs050,sr050,2019-07-23T15:00:00+09:00,SR
658,サプライズ☆パンプキン,大神環,"おばけの森に住むかぼちゃの
おばけさん。とっても人懐っこい
性格で、人間を脅かせるより、
喜ばせる方が得意なんだって！",040tam0134,ss003,2019-10-01T15:00:00+09:00,限定SSR
659,サプライズ☆パンプキン+,大神環,"「サプライズ☆パンプキン」の
アナザー衣装です。",040tam0134_v,ss103,2019-10-01T15:00:00+09:00,限定SSR
660,フローラルアクア,豊川風花,"流れる水のようにカットされた
スカートと、散りばめられた
淡い色の花たちが、あなたの心を
優しく包んで癒やしてくれます。",041fuk0034,ss001,2017-08-31T15:00:00+09:00,限定SSR
661,フローラルアクア+,豊川風花,"「フローラルアクア」の
アナザー衣装です。",041fuk0034_v,ss101,2017-08-31T15:00:00+09:00,限定SSR
662,フローラルアクア++,豊川風花,"「フローラルアクア」の
アナザー2衣装です。",041fuk0034_v2,ss201,2017-08-31T15:00:00+09:00,限定SSR
663,ヌーベル・トリコロール,豊川風花,"純粋に広がる夢をイメージした白
に、特別な3つの色をあしらいま
した。3つの新しい輝きが、支え
合うように互いを照らします。",costume_07,ex007,2018-06-29T00:00:00+09:00,1st
664,ヌーベル・トリコロール+,豊川風花,"「ヌーベル・トリコロール」の
アナザー衣装です。",costume_07_v,ex107,2018-06-29T00:00:00+09:00,1st
665,インペリアルスイムスーツ・華,豊川風花,"帝花女学院、超ビーチバレー部
キングの水着。華のように美しく
艶やかなデザインは、選ばれた者
のみに許された王者の証。",041fuk0074,ss002,2018-08-20T15:00:00+09:00,恒常SSR
666,インペリアルスイムスーツ・華+,豊川風花,"「インペリアルスイムスーツ・華
」のアナザー衣装です。",041fuk0074_v,ss102,2018-08-20T15:00:00+09:00,恒常SSR
667,ベル・マシェリ,豊川風花,"純白と淡い色合いのバランスが
大人上品なウェディングドレス風
衣装。これからもずっと…私と
一緒に人生を歩んでくれますか？",041fuk0113,sr058,2019-06-19T15:00:00+09:00,PST
668,ベル・マシェリ+,豊川風花,"「ベル・マシェリ」の
アナザー衣装です。",041fuk0113_v,sr158,2019-06-19T15:00:00+09:00,PST
669,ルミエール・パピヨン,豊川風花,"まるで蝶のように美しく軽やかに
光へと向かって羽ばたいていく
少女たち。誰も見たことのない
高みへ、さあ…一緒に行こう！",costume_12,ex012,2019-07-01T00:00:00+09:00,2nd
670,ルミエール・パピヨン+,豊川風花,"「ルミエール・パピヨン」の
アナザー衣装です。",costume_12_v,ex112,2019-07-01T00:00:00+09:00,2nd
671,シニョリーナ・ロッソ,豊川風花,"最高級のワインのように艶やかな
深紅のドレスを身に纏う貴婦人。
彼女にたった一度微笑まれたら、
その芳香に心まで酔いしれて…。",041fuk0134,ss003,2019-08-31T15:00:00+09:00,限定SSR
672,シニョリーナ・ロッソ+,豊川風花,"「シニョリーナ・ロッソ」の
アナザー衣装です。",041fuk0134_v,ss103,2019-08-31T15:00:00+09:00,限定SSR
673,オフィスメイト,豊川風花,"胸に抱いたキラキラした希望は、
ずっと忘れない宝物だから…。
これからも、たくさん悩んで
いっぱい笑って歩いて行こう！",srufs052,sr052,2020-01-20T15:00:00+09:00,SR
674,トゥモロー・トワイライト,豊川風花,"夢の軌跡を描く度、ふと思うのは
かつての仲間達の笑顔と声援。
今度は私がみんなの力になれる
よう…温かなエールを送ります。",041fuk0164,ss004,2020-03-11T15:00:00+09:00,恒常SSR
675,トゥモロー・トワイライト+,豊川風花,"「トゥモロー・トワイライト」の
アナザー衣装です。",041fuk0164_v,ss104,2020-03-11T15:00:00+09:00,恒常SSR
676,ハニーオブバタフライ,宮尾美也,"見てるだけで心も踊りだしそうな
キュートで爽やかな衣装。
ひらひら飛んでいく可愛い蝶々、
ちゃんとつかまえていてね…？",042miy0034,ss001,2017-08-22T15:00:00+09:00,恒常SSR
677,ハニーオブバタフライ+,宮尾美也,"「ハニーオブバタフライ」の
アナザー衣装です。",042miy0034_v,ss101,2017-08-22T15:00:00+09:00,恒常SSR
678,ハニーオブバタフライ++,宮尾美也,"「ハニーオブバタフライ」の
アナザー2衣装です。",042miy0034_v2,ss201,2017-08-22T15:00:00+09:00,恒常SSR
679,ヌーベル・トリコロール,宮尾美也,"純粋に広がる夢をイメージした白
に、特別な3つの色をあしらいま
した。3つの新しい輝きが、支え
合うように互いを照らします。",costume_07,ex007,2018-06-29T00:00:00+09:00,1st
680,ヌーベル・トリコロール+,宮尾美也,"「ヌーベル・トリコロール」の
アナザー衣装です。",costume_07_v,ex107,2018-06-29T00:00:00+09:00,1st
681,空猫珈琲店 ミャオコーデ,宮尾美也,"三姉妹の店、空猫珈琲店に居つく
おっとり猫の着ぐるみ風衣装。
猫耳、しっぽ、肉球をそろえて
貴方の来店待ってます。ミャオ♪",042miy0084,ss002,2018-09-21T15:00:00+09:00,恒常SSR
682,空猫珈琲店 ミャオコーデ+,宮尾美也,"「空猫珈琲店 ミャオコーデ」の
アナザー衣装です。",042miy0084_v,ss102,2018-09-21T15:00:00+09:00,恒常SSR
683,ハイスクールメイト,宮尾美也,"恋に友情、バイトに勉強。１日
２４時間だけじゃ全然足りない！
オトナが言う『一度きりの青春』
思いっきり楽しんでます☆",srufs045,sr045,2019-01-20T15:00:00+09:00,SR
684,シエル・エトワレ,宮尾美也,"満天の星空をくりぬいたドレスは
星々の案内人のために用意された
特注品。さあ、あなたも無限に
広がる星の海へ旅立ちましょう！",042miy0114,ss003,2019-03-19T15:00:00+09:00,限定SSR
685,シエル・エトワレ+,宮尾美也,"「シエル・エトワレ」の
アナザー衣装です。",042miy0114_v,ss103,2019-03-19T15:00:00+09:00,限定SSR
686,ルミエール・パピヨン,宮尾美也,"まるで蝶のように美しく軽やかに
光へと向かって羽ばたいていく
少女たち。誰も見たことのない
高みへ、さあ…一緒に行こう！",costume_12,ex012,2019-07-01T00:00:00+09:00,2nd
687,ルミエール・パピヨン+,宮尾美也,"「ルミエール・パピヨン」の
アナザー衣装です。",costume_12_v,ex112,2019-07-01T00:00:00+09:00,2nd
688,ぽかぽか♡スノーマン,宮尾美也,"ひんやりしたまんまるボディに
あたたかな心を宿した雪だるま。
ツリーの飾りつけを頑張るよい子
のお手伝いをしてくれるよ☆",042miy0134,ss004,2019-11-30T15:00:00+09:00,恒常SSR
689,ぽかぽか♡スノーマン+,宮尾美也,"「ぽかぽか♡スノーマン」の
アナザー衣装です。",042miy0134_v,ss104,2019-11-30T15:00:00+09:00,恒常SSR
690,タウラス・メモリース,宮尾美也,"たくさんの奇跡が詰まった衣装で
今日も素敵に踊っちゃいます♪
楽しい思い出も優しい気持ちも、
いつまでも忘れない……よね？",042miy0143,sr039,2020-02-02T15:00:00+09:00,PST
691,タウラス・メモリース+,宮尾美也,"「タウラス・メモリース」の
アナザー衣装です。",042miy0143_v,sr139,2020-02-02T15:00:00+09:00,PST
692,アクションスピリッツ,福田のり子,"キュートとワイルドを合わせて、
元気いっぱいな爽やかさを鮮やか
に表現しました。ほら、そこの
キミも、一緒にハジケちゃおっ！",043nor0054,ss001,2018-03-23T15:00:00+09:00,恒常SSR
693,アクションスピリッツ+,福田のり子,"「アクションスピリッツ」の
アナザー衣装です。",043nor0054_v,ss101,2018-03-23T15:00:00+09:00,恒常SSR
694,アクションスピリッツ++,福田のり子,"「アクションスピリッツ」の
アナザー2衣装です。",043nor0054_v2,ss201,2018-03-23T15:00:00+09:00,恒常SSR
695,ヌーベル・トリコロール,福田のり子,"純粋に広がる夢をイメージした白
に、特別な3つの色をあしらいま
した。3つの新しい輝きが、支え
合うように互いを照らします。",costume_07,ex007,2018-06-29T00:00:00+09:00,1st
696,ヌーベル・トリコロール+,福田のり子,"「ヌーベル・トリコロール」の
アナザー衣装です。",costume_07_v,ex107,2018-06-29T00:00:00+09:00,1st
697,ゴッド・レッドストリング,福田のり子,"燃える炎のように鮮やかな赤は、
みんなとアタシを結ぶ縁の色！
神様も思わずうなる、一期一会の
ドリームタッグマッチ！",043nor0094,ss002,2018-12-31T15:00:00+09:00,恒常SSR
698,ゴッド・レッドストリング+,福田のり子,"「ゴッド・レッドストリング」の
アナザー衣装です。",043nor0094_v,ss102,2018-12-31T15:00:00+09:00,恒常SSR
699,ライク・サン・リブラ,福田のり子,"常夏の太陽が恋したあの子は、
遊びもステージも全力投球！
白い砂浜と青い海原で、一緒に
テンション高く盛り上がろう♪",043nor0103,sr031,2019-03-04T15:00:00+09:00,PST
700,ライク・サン・リブラ+,福田のり子,"「ライク・サン・リブラ」の
アナザー衣装です。",043nor0103_v,sr131,2019-03-04T15:00:00+09:00,PST
701,パステルポップ・ラビット,福田のり子,"カラフルキュートなウサギさんが
届けてくれた、幸せのタマゴ♪
さあ、キミだけの色で始めよう
スペシャル・デコレーション！",043nor0114,ss003,2019-04-19T15:00:00+09:00,限定SSR
702,パステルポップ・ラビット+,福田のり子,"「パステルポップ・ラビット」の
アナザー衣装です。",043nor0114_v,ss103,2019-04-19T15:00:00+09:00,限定SSR
703,ルミエール・パピヨン,福田のり子,"まるで蝶のように美しく軽やかに
光へと向かって羽ばたいていく
少女たち。誰も見たことのない
高みへ、さあ…一緒に行こう！",costume_12,ex012,2019-07-01T00:00:00+09:00,2nd
704,ルミエール・パピヨン+,福田のり子,"「ルミエール・パピヨン」の
アナザー衣装です。",costume_12_v,ex112,2019-07-01T00:00:00+09:00,2nd
705,カレッジメイト,福田のり子,"オトナなスーツで身を包んだら
何だかキリッとした気分。今より
少し未来で私を待っている、
ステキな夢に向かって一歩前進！",srufs051,sr051,2019-11-09T15:00:00+09:00,SR
706,ミルクティーン・ダイヤ,福田のり子,"白薔薇の花言葉の力を受けて、
日頃のお礼にあなたの元へ。
ねえ、変じゃない？良かったら、
今だけ隣にいても…いいかな？",043nor0154,ss004,2020-02-29T15:00:00+09:00,限定SSR
707,ミルクティーン・ダイヤ+,福田のり子,"「ミルクティーン・ダイヤ」の
アナザー衣装です。",043nor0154_v,ss104,2020-02-29T15:00:00+09:00,限定SSR
708,トゥルーリーマジック,真壁瑞希,"紫のリボンがキュートな衣装。
魔法をシルクハットに詰め込んで
今宵は貴方を、ひとときの楽しい
ミラクルショータイムへご招待☆",044miz0064,ss001,2018-01-31T15:00:00+09:00,限定SSR
709,トゥルーリーマジック+,真壁瑞希,"「トゥルーリーマジック」の
アナザー衣装です。",044miz0064_v,ss101,2018-01-31T15:00:00+09:00,限定SSR
710,トゥルーリーマジック++,真壁瑞希,"「トゥルーリーマジック」の
アナザー2衣装です。",044miz0064_v2,ss201,2018-01-31T15:00:00+09:00,限定SSR
711,Code:EScape,真壁瑞希,"「心」に魅せられ、溺れ、そして
それはいつしか「罪」となる…。
この衣装は、悲しき運命を終える
彼女達の心緒を表現しています。",044miz0073,sr016,2018-04-20T15:00:00+09:00,PST
712,Code:EScape+,真壁瑞希,"「Code:EScape」の
アナザー衣装です。",044miz0073_v,sr116,2018-04-20T15:00:00+09:00,PST
713,ヌーベル・トリコロール,真壁瑞希,"純粋に広がる夢をイメージした白
に、特別な3つの色をあしらいま
した。3つの新しい輝きが、支え
合うように互いを照らします。",costume_07,ex007,2018-06-29T00:00:00+09:00,1st
714,ヌーベル・トリコロール+,真壁瑞希,"「ヌーベル・トリコロール」の
アナザー衣装です。",costume_07_v,ex107,2018-06-29T00:00:00+09:00,1st
715,ミリオン座衣装(ミルズ),真壁瑞希,"ミリオン座の支配人、ミルズの
衣装。裏方に徹した佇まいだが、
その心の内に渦巻く感情は誰にも
窺い知ることは出来ない…。",044miz0104,ss002,2018-10-22T15:00:00+09:00,恒常SSR
716,ミリオン座衣装(ミルズ)+,真壁瑞希,"「ミリオン座衣装(ミルズ)」の
アナザー衣装です。",044miz0104_v,ss102,2018-10-22T15:00:00+09:00,恒常SSR
717,ルミエール・パピヨン,真壁瑞希,"まるで蝶のように美しく軽やかに
光へと向かって羽ばたいていく
少女たち。誰も見たことのない
高みへ、さあ…一緒に行こう！",costume_12,ex012,2019-07-01T00:00:00+09:00,2nd
718,ルミエール・パピヨン+,真壁瑞希,"「ルミエール・パピヨン」の
アナザー衣装です。",costume_12_v,ex112,2019-07-01T00:00:00+09:00,2nd
719,ドルフィンサーファー,真壁瑞希,"大波に乗って特大ジャンプッ！
かわいいイルカたちの、クジラ
にも負けないダイナミックな
ショータイムをお楽しみあれ♪",044miz0154,ss003,2019-07-31T15:00:00+09:00,限定SSR
720,ドルフィンサーファー+,真壁瑞希,"「ドルフィンサーファー」の
アナザー衣装です。",044miz0154_v,ss103,2019-07-31T15:00:00+09:00,限定SSR
721,ハイスクールメイト,真壁瑞希,"恋に友情、バイトに勉強。１日
２４時間だけじゃ全然足りない！
オトナが言う『一度きりの青春』
思いっきり楽しんでます☆",srufs045,sr045,2020-01-11T15:00:00+09:00,SR
722,シークレット・“LOVE”,真壁瑞希,"貴方に、会える。心を、伝える。
そう、私らしく…準備オーケー。
胸に浮かぶいつもの気持ちは、
なんだか痛くて…少しスイート。",044miz0174,ss004,2020-02-11T15:00:00+09:00,恒常SSR
723,シークレット・“LOVE”+,真壁瑞希,"「シークレット・“LOVE”」の
アナザー衣装です。",044miz0174_v,ss104,2020-02-11T15:00:00+09:00,恒常SSR
724,クラシカルローズ,篠宮可憐,"臆病な心に、ちょっとだけ勇気を
届けてくれる、ワインレッドの
上品なドレス。仄かに香るバラの
誘惑に、ドキドキしてみない…？",045kar0044,ss001,2018-01-15T15:00:00+09:00,恒常SSR
725,クラシカルローズ+,篠宮可憐,"「クラシカルローズ」の
アナザー衣装です。",045kar0044_v,ss101,2018-01-15T15:00:00+09:00,恒常SSR
726,クラシカルローズ++,篠宮可憐,"「クラシカルローズ」の
アナザー2衣装です。",045kar0044_v2,ss201,2018-01-15T15:00:00+09:00,恒常SSR
727,ヌーベル・トリコロール,篠宮可憐,"純粋に広がる夢をイメージした白
に、特別な3つの色をあしらいま
した。3つの新しい輝きが、支え
合うように互いを照らします。",costume_07,ex007,2018-06-29T00:00:00+09:00,1st
728,ヌーベル・トリコロール+,篠宮可憐,"「ヌーベル・トリコロール」の
アナザー衣装です。",costume_07_v,ex107,2018-06-29T00:00:00+09:00,1st
729,ノーブル・ハイプリーステス,篠宮可憐,"明と暗。破壊と再生。知と本能。
すべてを見通す高貴なまなざし。
歓びに溢れた希望のドレスは、
あまねく世界に光をもたらす…。",045kar0094,ss002,2018-10-31T15:00:00+09:00,限定SSR
730,ノーブル・ハイプリーステス+,篠宮可憐,"「ノーブル・ハイプリーステス」
のアナザー衣装です。",045kar0094_v,ss102,2018-10-31T15:00:00+09:00,限定SSR
731,夢見るリトルレディ,篠宮可憐,"大人の女性への憧れが、ほんのり
のぞくガーリーなアンサンブル。
女の子はいつだって『自分らしく
カワイイ』を更新していきたい♡",045kar0103,sr044,2018-12-21T15:00:00+09:00,PST
732,夢見るリトルレディ+,篠宮可憐,"「夢見るリトルレディ」の
アナザー衣装です。",045kar0103_v,sr144,2018-12-21T15:00:00+09:00,PST
733,ローズ・アヴニール,篠宮可憐,"ゴールドローズ煌めく、豪華な
ウェディングドレス風衣装。
怯まずに、胸を張って。ここは
私が主役の舞台なんだから…。",045kar0114,ss003,2019-05-31T15:00:00+09:00,恒常SSR
734,ローズ・アヴニール+,篠宮可憐,"「ローズ・アヴニール」の
アナザー衣装です。",045kar0114_v,ss103,2019-05-31T15:00:00+09:00,恒常SSR
735,ルミエール・パピヨン,篠宮可憐,"まるで蝶のように美しく軽やかに
光へと向かって羽ばたいていく
少女たち。誰も見たことのない
高みへ、さあ…一緒に行こう！",costume_12,ex012,2019-07-01T00:00:00+09:00,2nd
736,ルミエール・パピヨン+,篠宮可憐,"「ルミエール・パピヨン」の
アナザー衣装です。",costume_12_v,ex112,2019-07-01T00:00:00+09:00,2nd
737,ハイスクールメイト,篠宮可憐,"恋に友情、バイトに勉強。１日
２４時間だけじゃ全然足りない！
オトナが言う『一度きりの青春』
思いっきり楽しんでます☆",srufs045,sr045,2019-12-09T15:00:00+09:00,SR
738,エクラ・ド・ビジュー,篠宮可憐,"太陽の眩しさに負けないで。私も
ついてますから…！緊張は笑顔に
変えて、もっと先へ行くために…
一緒に来てくれますか？",045kar0174,ss004,2020-03-29T15:00:00+09:00,FES
739,エクラ・ド・ビジュー+,篠宮可憐,"「エクラ・ド・ビジュー」の
アナザー衣装です。",045kar0174_v,ss104,2020-03-29T15:00:00+09:00,FES
740,ネオ・ユニバースブライト,百瀬莉緒,"まるでまばゆい光を放ちそうな、
力強く洗練されたデザイン。
彼女たちの強い意志のように、
深い宇宙でもきらめいて…。",046rio0043,sr005,2017-11-01T15:00:00+09:00,PST
741,ネオ・ユニバースブライト+,百瀬莉緒,"「ネオ・ユニバースブライト」の
アナザー衣装です。",046rio0043_v,sr105,2017-11-01T15:00:00+09:00,PST
742,チャーミングフラッター,百瀬莉緒,"キュートなピンクですら、妖艶に
変えてしまうセクシーなドレス。
ひらひらと舞うフリルが、優雅な
ステージへと引き込むでしょう。",046rio0064,ss001,2018-04-30T15:00:00+09:00,限定SSR
743,チャーミングフラッター+,百瀬莉緒,"「チャーミングフラッター」の
アナザー衣装です。",046rio0064_v,ss101,2018-04-30T15:00:00+09:00,限定SSR
744,ヌーベル・トリコロール,百瀬莉緒,"純粋に広がる夢をイメージした白
に、特別な3つの色をあしらいま
した。3つの新しい輝きが、支え
合うように互いを照らします。",costume_07,ex007,2018-06-29T00:00:00+09:00,1st
745,ヌーベル・トリコロール+,百瀬莉緒,"「ヌーベル・トリコロール」の
アナザー衣装です。",costume_07_v,ex107,2018-06-29T00:00:00+09:00,1st
746,空猫珈琲店 悠利コーデ,百瀬莉緒,"三姉妹の店、空猫珈琲店を訪れた
青年の衣装。胸をあたためるのは
挽きたての珈琲。そして、誰より
想いを秘めた、切ない恋心。",046rio0084,ss002,2018-09-21T15:00:00+09:00,恒常SSR
747,空猫珈琲店 悠利コーデ+,百瀬莉緒,"「空猫珈琲店 悠利コーデ」の
アナザー衣装です。",046rio0084_v,ss102,2018-09-21T15:00:00+09:00,恒常SSR
748,ルミエール・パピヨン,百瀬莉緒,"まるで蝶のように美しく軽やかに
光へと向かって羽ばたいていく
少女たち。誰も見たことのない
高みへ、さあ…一緒に行こう！",costume_12,ex012,2019-07-01T00:00:00+09:00,2nd
749,ルミエール・パピヨン+,百瀬莉緒,"「ルミエール・パピヨン」の
アナザー衣装です。",costume_12_v,ex112,2019-07-01T00:00:00+09:00,2nd
750,ホーリー・リザレクション,百瀬莉緒,"気高きエルフの戦士が纏う装束。
古代の神聖な力が宿っており、
あらゆる邪悪な力から戦士の体と
魂を守る、という伝承がある。",046rio0124,ss003,2019-07-14T15:00:00+09:00,限定SSR
751,ホーリー・リザレクション+,百瀬莉緒,"「ホーリー・リザレクション」の
アナザー衣装です。",046rio0124_v,ss103,2019-07-14T15:00:00+09:00,限定SSR
752,ドラウニング・イン・ラブ,百瀬莉緒,"あなたに会いたい…伝えたい…。
送信未遂のメールは増える一方。
切ない恋心は未だ届くことなく、
美しいドレスに包まれたまま…。",046rio0164,ss004,2020-03-11T15:00:00+09:00,恒常SSR
753,ドラウニング・イン・ラブ+,百瀬莉緒,"「ドラウニング・イン・ラブ」の
アナザー衣装です。",046rio0164_v,ss104,2020-03-11T15:00:00+09:00,恒常SSR
754,オフィスメイト,百瀬莉緒,"胸に抱いたキラキラした希望は、
ずっと忘れない宝物だから…。
これからも、たくさん悩んで
いっぱい笑って歩いて行こう！",srufs052,sr052,2020-04-30T15:00:00+09:00,SR
755,G☆S☆H,永吉昴,"爽やかな青を基調としたドレス。
ちょこっと元気が足りない日は、
満点笑顔のホームランで、君を
誰よりも元気にしてあげるよ！",047sub0044,ss001,2018-01-26T15:00:00+09:00,恒常SSR
756,G☆S☆H+,永吉昴,"「G☆S☆H」の
アナザー衣装です。",047sub0044_v,ss101,2018-01-26T15:00:00+09:00,恒常SSR
757,G☆S☆H++,永吉昴,"「G☆S☆H」の
アナザー2衣装です。",047sub0044_v2,ss201,2018-01-26T15:00:00+09:00,恒常SSR
758,ヌーベル・トリコロール,永吉昴,"純粋に広がる夢をイメージした白
に、特別な3つの色をあしらいま
した。3つの新しい輝きが、支え
合うように互いを照らします。",costume_07,ex007,2018-06-29T00:00:00+09:00,1st
759,ヌーベル・トリコロール+,永吉昴,"「ヌーベル・トリコロール」の
アナザー衣装です。",costume_07_v,ex107,2018-06-29T00:00:00+09:00,1st
760,アーリーサマーガール,永吉昴,"初夏を思わせるキュートな衣装。
清楚なデザインとカジュアルな
ショートブーツで、爽やかな
ダンスを一緒に踊りましょう♪",047sub0083,sr021,2018-07-21T15:00:00+09:00,PST
761,アーリーサマーガール+,永吉昴,"「アーリーサマーガール」の
アナザー衣装です。",047sub0083_v,sr121,2018-07-21T15:00:00+09:00,PST
762,マスター・オブ・ショコラ,永吉昴,"カカオが香る招待状をもらったら
ショコラカラーのシックな正装に
チェンジ！君へのチョコレートを
もって、パーティへ出かけよう♪",047sub0094,ss002,2019-01-31T15:00:00+09:00,恒常SSR
763,マスター・オブ・ショコラ+,永吉昴,"「マスター・オブ・ショコラ」の
アナザー衣装です。",047sub0094_v,ss102,2019-01-31T15:00:00+09:00,恒常SSR
764,クレセント・ウィルゴ,永吉昴,"初々しい恋は、うら若き乙女に
何をもたらすのか…。清い夜空に
佇む白銀の三日月だけが、その
答えを知っているのかも…？",047sub0103,sr035,2019-05-02T15:00:00+09:00,PST
765,クレセント・ウィルゴ+,永吉昴,"「クレセント・ウィルゴ」の
アナザー衣装です。",047sub0103_v,sr135,2019-05-02T15:00:00+09:00,PST
766,ルミエール・パピヨン,永吉昴,"まるで蝶のように美しく軽やかに
光へと向かって羽ばたいていく
少女たち。誰も見たことのない
高みへ、さあ…一緒に行こう！",costume_12,ex012,2019-07-01T00:00:00+09:00,2nd
767,ルミエール・パピヨン+,永吉昴,"「ルミエール・パピヨン」の
アナザー衣装です。",costume_12_v,ex112,2019-07-01T00:00:00+09:00,2nd
768,おとぎの国の王子衣装,永吉昴,"記憶を取り戻した若い旅人さん。
その謎めいた正体は…民を愛し、
民に愛される、ハッピーエンドの
似合うステキな王子様でした。",047sub0144,ss003,2019-09-19T15:00:00+09:00,恒常SSR
769,おとぎの国の王子衣装+,永吉昴,"「おとぎの国の王子衣装」の
アナザー衣装です。",047sub0144_v,ss103,2019-09-19T15:00:00+09:00,恒常SSR
770,ピュリティエメラルド,永吉昴,"誰だって、大切な人にはいつでも
笑顔でいてほしいもの。かわいい
リボンとフリルに想いをのせて
祈ります。…早く元気にな～れ！",047sub0154,ss004,2020-01-20T15:00:00+09:00,限定SSR
771,ピュリティエメラルド+,永吉昴,"「ピュリティエメラルド」の
アナザー衣装です。",047sub0154_v,ss104,2020-01-20T15:00:00+09:00,限定SSR
772,ジュニアハイスクールメイト,永吉昴,"少し大きめの制服に袖を通して、
ちょっとお姉さんになりました。
部活に勉強…『新しい』って、
大変だけど、とっても楽しい！",srufs049,sr049,2020-03-11T15:00:00+09:00,SR
773,フラワリー・ブリーズ,北上麗花,"そよ風が踊りだすような、清楚な
ドレス。穏やかな風に吹かれて
花たちも優しく歌い出す…それは
夢の中のパーティータイム♪",048rei0054,ss001,2018-02-20T15:00:00+09:00,恒常SSR
774,フラワリー・ブリーズ+,北上麗花,"「フラワリー・ブリーズ」の
アナザー衣装です。",048rei0054_v,ss101,2018-02-20T15:00:00+09:00,恒常SSR
775,フラワリー・ブリーズ++,北上麗花,"「フラワリー・ブリーズ」の
アナザー2衣装です。",048rei0054_v2,ss201,2018-02-20T15:00:00+09:00,恒常SSR
776,ヌーベル・トリコロール,北上麗花,"純粋に広がる夢をイメージした白
に、特別な3つの色をあしらいま
した。3つの新しい輝きが、支え
合うように互いを照らします。",costume_07,ex007,2018-06-29T00:00:00+09:00,1st
777,ヌーベル・トリコロール+,北上麗花,"「ヌーベル・トリコロール」の
アナザー衣装です。",costume_07_v,ex107,2018-06-29T00:00:00+09:00,1st
778,ワンダフルキャロル,北上麗花,"明るいサンタクロースの歌が
白銀の街に響き渡る時、人々は
とびきりの喜びを分かち合う。
さあ、メリー・クリスマス♪",048rei0084,ss002,2018-11-30T15:00:00+09:00,恒常SSR
779,ワンダフルキャロル+,北上麗花,"「ワンダフルキャロル」の
アナザー衣装です。",048rei0084_v,ss102,2018-11-30T15:00:00+09:00,恒常SSR
780,カレッジメイト,北上麗花,"オトナなスーツで身を包んだら
何だかキリッとした気分。今より
少し未来で私を待っている、
ステキな夢に向かって一歩前進！",srufs051,sr051,2019-05-20T15:00:00+09:00,SR
781,ルミエール・パピヨン,北上麗花,"まるで蝶のように美しく軽やかに
光へと向かって羽ばたいていく
少女たち。誰も見たことのない
高みへ、さあ…一緒に行こう！",costume_12,ex012,2019-07-01T00:00:00+09:00,2nd
782,ルミエール・パピヨン+,北上麗花,"「ルミエール・パピヨン」の
アナザー衣装です。",costume_12_v,ex112,2019-07-01T00:00:00+09:00,2nd
783,ティアーズ・アクアリウス,北上麗花,"愛しさに涙が溢れて止まらない。
貴方への想いが枯れることも
ないでしょう。このまま涙の海で
溺れることになっても…。",048rei0143,sr036,2019-11-02T15:00:00+09:00,PST
784,ティアーズ・アクアリウス+,北上麗花,"「ティアーズ・アクアリウス」の
アナザー衣装です。",048rei0143_v,sr136,2019-11-02T15:00:00+09:00,PST
785,レッドローズ・エンプレス,北上麗花,"咲き誇るバラのような紅いドレス
でステージもヒートアップ！
ゴールは次のスタート地点。
私はいつも、全力前進ですよー♪",048rei0154,ss003,2019-12-09T15:00:00+09:00,限定SSR
786,レッドローズ・エンプレス+,北上麗花,"「レッドローズ・エンプレス」の
アナザー衣装です。",048rei0154_v,ss103,2019-12-09T15:00:00+09:00,限定SSR
787,ファンシーアラモード,周防桃子,"お菓子の世界から飛び出した
ような、プリティなドレス☆
それはまるで甘い甘いスイーツの
ように皆を笑顔にしちゃいます♪",049mom0054,ss001,2018-03-14T15:00:00+09:00,恒常SSR
788,ファンシーアラモード+,周防桃子,"「ファンシーアラモード」の
アナザー衣装です。",049mom0054_v,ss101,2018-03-14T15:00:00+09:00,恒常SSR
789,ファンシーアラモード++,周防桃子,"「ファンシーアラモード」の
アナザー2衣装です。",049mom0054_v2,ss201,2018-03-14T15:00:00+09:00,恒常SSR
790,ヌーベル・トリコロール,周防桃子,"純粋に広がる夢をイメージした白
に、特別な3つの色をあしらいま
した。3つの新しい輝きが、支え
合うように互いを照らします。",costume_07,ex007,2018-06-29T00:00:00+09:00,1st
791,ヌーベル・トリコロール+,周防桃子,"「ヌーベル・トリコロール」の
アナザー衣装です。",costume_07_v,ex107,2018-06-29T00:00:00+09:00,1st
792,彩り夢がさね,周防桃子,"十二単を思わせる、和テイスト
たっぷりの色鮮やかなドレス。
絵巻を紐解けば、広がるのは
ちょっぴり大人の恋物語…。",049mom0074,ss002,2018-09-12T15:00:00+09:00,恒常SSR
793,彩り夢がさね+,周防桃子,"「彩り夢がさね」の
アナザー衣装です。",049mom0074_v,ss102,2018-09-12T15:00:00+09:00,恒常SSR
794,ゴーイングチャーミィ,周防桃子,"フレー！フレー！お腹の底から
声出して、気持ちを伝えたい☆
自分を信じて、頑張っている
アナタは誰よりもキラキラだよ！",049mom0104,ss003,2019-04-11T15:00:00+09:00,限定SSR
795,ゴーイングチャーミィ+,周防桃子,"「ゴーイングチャーミィ」の
アナザー衣装です。",049mom0104_v,ss103,2019-04-11T15:00:00+09:00,限定SSR
796,ルミエール・パピヨン,周防桃子,"まるで蝶のように美しく軽やかに
光へと向かって羽ばたいていく
少女たち。誰も見たことのない
高みへ、さあ…一緒に行こう！",costume_12,ex012,2019-07-01T00:00:00+09:00,2nd
797,ルミエール・パピヨン+,周防桃子,"「ルミエール・パピヨン」の
アナザー衣装です。",costume_12_v,ex112,2019-07-01T00:00:00+09:00,2nd
798,メルティ・ファング,周防桃子,"私はヴァンパイア。人智を超えた
気高き闇の眷属…。怖いでしょ？
逃げようなんて考えないで。夜が
明けるまで、一緒にいてあげる！",049mom0144,ss004,2019-09-27T15:00:00+09:00,FES
799,メルティ・ファング+,周防桃子,"「メルティ・ファング」の
アナザー衣装です。",049mom0144_v,ss104,2019-09-27T15:00:00+09:00,FES
800,魅梨音界の御嬢,周防桃子,"映画『果てしなく仁義ない戦い』
で使用した衣装。仁義は失われ、
盛者必衰の世界に怯えながらも、
少女たちは己の信念を貫き通す！",049mom0153,sr076,2020-01-02T15:00:00+09:00,PST
801,魅梨音界の御嬢+,周防桃子,"「魅梨音界の御嬢」の
アナザー衣装です。",049mom0153_v,sr176,2020-01-02T15:00:00+09:00,PST
802,ガット・マルチャーレ,周防桃子,"夜の遊園地に鈴の音をひとつ。
ネコさんたちの秘密のパレード、
いかがかニャ？響き渡る楽しい
歌声の行進は、まだまだ続く…♪",049mom0164,ss005,2020-02-29T15:00:00+09:00,限定SSR
803,ガット・マルチャーレ+,周防桃子,"「ガット・マルチャーレ」の
アナザー衣装です。",049mom0164_v,ss105,2020-02-29T15:00:00+09:00,限定SSR
804,エレメンタリースクールメイト,周防桃子,"瞳に映るものがすべてキラキラな
希望で胸いっぱいの小学生♪
今日も眩しい太陽の下、元気に
走って、いってきまーす！！",srufs050,sr050,2020-04-11T15:00:00+09:00,SR
805,スパーキングミュージック！,ジュリア,"キュート×クール＝マイスタイル
カッコよさの中に潜んでいる
セクシーさが、ロックな音楽を
更に引き立たせます！",050jul0034,ss001,2017-09-12T15:00:00+09:00,恒常SSR
806,スパーキングミュージック！+,ジュリア,"「スパーキングミュージック！」
のアナザー衣装です。",050jul0034_v,ss101,2017-09-12T15:00:00+09:00,恒常SSR
807,スパーキングミュージック！++,ジュリア,"「スパーキングミュージック！」
のアナザー2衣装です。",050jul0034_v2,ss201,2017-09-12T15:00:00+09:00,恒常SSR
808,ヌーベル・トリコロール,ジュリア,"純粋に広がる夢をイメージした白
に、特別な3つの色をあしらいま
した。3つの新しい輝きが、支え
合うように互いを照らします。",costume_07,ex007,2018-06-29T00:00:00+09:00,1st
809,ヌーベル・トリコロール+,ジュリア,"「ヌーベル・トリコロール」の
アナザー衣装です。",costume_07_v,ex107,2018-06-29T00:00:00+09:00,1st
810,ブラッディ・ビート,ジュリア,"『ロック』は音楽のジャンル名に
留まらない。熱い魂が響きあって
体の奥からつながる感覚。それは
二人が刻む、燃えるような律動。",050jul0093,sr042,2018-11-21T15:00:00+09:00,PST
811,ブラッディ・ビート+,ジュリア,"「ブラッディ・ビート」の
アナザー衣装です。",050jul0093_v,sr142,2018-11-21T15:00:00+09:00,PST
812,ニューウィンド・クリムゾン,ジュリア,"巫女装束をコンセプトにした、
思いきったコスチューム。
型にはまらない彼女の周りには、
つねに新しい風が吹いている！",050jul0104,ss002,2018-12-31T15:00:00+09:00,限定SSR
813,ニューウィンド・クリムゾン+,ジュリア,"「ニューウィンド・クリムゾン」
のアナザー衣装です。",050jul0104_v,ss102,2018-12-31T15:00:00+09:00,限定SSR
814,ルミエール・パピヨン,ジュリア,"まるで蝶のように美しく軽やかに
光へと向かって羽ばたいていく
少女たち。誰も見たことのない
高みへ、さあ…一緒に行こう！",costume_12,ex012,2019-07-01T00:00:00+09:00,2nd
815,ルミエール・パピヨン+,ジュリア,"「ルミエール・パピヨン」の
アナザー衣装です。",costume_12_v,ex112,2019-07-01T00:00:00+09:00,2nd
816,ハイスクールメイト,ジュリア,"恋に友情、バイトに勉強。１日
２４時間だけじゃ全然足りない！
オトナが言う『一度きりの青春』
思いっきり楽しんでます☆",srufs045,sr045,2019-08-20T15:00:00+09:00,SR
817,ベルカント・アリア,ジュリア,"歌姫のために用意されたミッド
ナイトブルーのドレス。歌声は
流れ星のように人々の心に降り
注ぎ、消えない光を灯らせる。",050jul0154,ss003,2019-10-12T15:00:00+09:00,限定SSR
818,ベルカント・アリア+,ジュリア,"「ベルカント・アリア」の
アナザー衣装です。",050jul0154_v,ss103,2019-10-12T15:00:00+09:00,限定SSR
819,クール・バレット,ジュリア,"全ては１枚の予告状から始まった
…宝石を巡る、catch and run。
ここで逃がす訳にはいかない！
降参するなら…今のうちだぜ？",050jul0174,ss004,2020-05-18T15:00:00+09:00,恒常SSR
820,クール・バレット+,ジュリア,"「クール・バレット」の
アナザー衣装です。",050jul0174_v,ss104,2020-05-18T15:00:00+09:00,恒常SSR
821,ラピスラズリ・ノスタルジア,白石紬,"近未来と和を融合させたドレス。
瑠璃色に和柄をあしらった
デザインは、どこか懐かしくも
切ない気持ちに誘います。",051tmg0034,ss001,2017-06-29T00:00:00+09:00,恒常SSR
822,ラピスラズリ・ノスタルジア+,白石紬,"「ラピスラズリ・ノスタルジア」
のアナザー衣装です。",051tmg0034_v,ss101,2017-06-29T00:00:00+09:00,恒常SSR
823,ラピスラズリ・ノスタルジア++,白石紬,"「ラピスラズリ・ノスタルジア」
のアナザー2衣装です。",051tmg0034_v2,ss201,2017-06-29T00:00:00+09:00,恒常SSR
824,グレイスマーメイド,白石紬,"都会に降りたマーメイドは、輝く
イルミネーションに溶ける事なく
健気に光を放ち続けるのです…。
あなたに、気づいてほしくて…。",051tmg0054,ss002,2017-12-27T15:00:00+09:00,FES
825,グレイスマーメイド+,白石紬,"「グレイスマーメイド」の
アナザー衣装です。",051tmg0054_v,ss102,2017-12-27T15:00:00+09:00,FES
826,グレイスマーメイド++,白石紬,"「グレイスマーメイド」の
アナザー2衣装です。",051tmg0054_v2,ss202,2017-12-27T15:00:00+09:00,FES
827,ヌーベル・トリコロール,白石紬,"純粋に広がる夢をイメージした白
に、特別な3つの色をあしらいま
した。3つの新しい輝きが、支え
合うように互いを照らします。",costume_07,ex007,2018-06-29T00:00:00+09:00,1st
828,ヌーベル・トリコロール+,白石紬,"「ヌーベル・トリコロール」の
アナザー衣装です。",costume_07_v,ex107,2018-06-29T00:00:00+09:00,1st
829,ミリオン座衣装(ウォーカー),白石紬,"ミリオン座の常連でもある名探偵
ウォーカーの衣装。彼が事件を
誘うのか、事件が彼を招くのか。
真実はいつだって、ただ１つ。",051tmg0094,ss003,2018-10-22T15:00:00+09:00,恒常SSR
830,ミリオン座衣装(ウォーカー)+,白石紬,"「ミリオン座衣装(ウォーカー)
」のアナザー衣装です。",051tmg0094_v,ss103,2018-10-22T15:00:00+09:00,恒常SSR
831,ハイスクールメイト,白石紬,"恋に友情、バイトに勉強。１日
２４時間だけじゃ全然足りない！
オトナが言う『一度きりの青春』
思いっきり楽しんでます☆",srufs045,sr045,2019-01-20T15:00:00+09:00,SR
832,ジャスティス・ノヴァ,白石紬,"高潔な白の裏側を、己が信念の
色に染め、少女達は戦いに身を
投じる。握った拳に込めた想いは
正義と呼ばれるものなのか…？",051tmg0113,sr054,2019-04-02T15:00:00+09:00,PST
833,ジャスティス・ノヴァ+,白石紬,"「ジャスティス・ノヴァ」の
アナザー衣装です。",051tmg0113_v,sr154,2019-04-02T15:00:00+09:00,PST
834,セレブレイト・ミヤビ,白石紬,"純白の衣を彩る艶やかな赤と金、
添えられるのはホワイトローズ。
和洋折衷の美しいドレスを身に
纏い、特別なこの日を迎えます。",051tmg0124,ss004,2019-06-19T15:00:00+09:00,限定SSR
835,セレブレイト・ミヤビ+,白石紬,"「セレブレイト・ミヤビ」の
アナザー衣装です。",051tmg0124_v,ss104,2019-06-19T15:00:00+09:00,限定SSR
836,ルミエール・パピヨン,白石紬,"まるで蝶のように美しく軽やかに
光へと向かって羽ばたいていく
少女たち。誰も見たことのない
高みへ、さあ…一緒に行こう！",costume_12,ex012,2019-07-01T00:00:00+09:00,2nd
837,ルミエール・パピヨン+,白石紬,"「ルミエール・パピヨン」の
アナザー衣装です。",costume_12_v,ex112,2019-07-01T00:00:00+09:00,2nd
838,エスペランスノーツ,桜守歌織,"クラシックで高貴な雰囲気を
イメージした衣装。音符たちに
誘われて、鳥たちのハミングが
聞こえてくるかも♪",052kao0034,ss001,2017-06-29T00:00:00+09:00,恒常SSR
839,エスペランスノーツ+,桜守歌織,"「エスペランスノーツ」の
アナザー衣装です。",052kao0034_v,ss101,2017-06-29T00:00:00+09:00,恒常SSR
840,エスペランスノーツ++,桜守歌織,"「エスペランスノーツ」の
アナザー2衣装です。",052kao0034_v2,ss201,2017-06-29T00:00:00+09:00,恒常SSR
841,スノーフレーク・ロマンス,桜守歌織,"降り注ぐ雪の結晶の儚いダンスが
あまりにもロマンティックで…
「私を忘れないで」と囁くように
エレガントなドレスになりました。",052kao0054,ss002,2017-12-27T15:00:00+09:00,FES
842,スノーフレーク・ロマンス+,桜守歌織,"「スノーフレーク・ロマンス」の
アナザー衣装です。",052kao0054_v,ss102,2017-12-27T15:00:00+09:00,FES
843,スノーフレーク・ロマンス++,桜守歌織,"「スノーフレーク・ロマンス」の
アナザー2衣装です。",052kao0054_v2,ss202,2017-12-27T15:00:00+09:00,FES
844,メイクアップ・ファビュラス！,桜守歌織,"セクシーでオトナなドレスは、
まるでパーティーのヒロイン！
つまらない日常から抜け出して、
煌めく世界へ参りましょう♪",052kao0063,sr018,2018-05-21T15:00:00+09:00,PST
845,メイクアップ・ファビュラス！+,桜守歌織,"「メイクアップ・ファビュラス！
」のアナザー衣装です。",052kao0063_v,sr118,2018-05-21T15:00:00+09:00,PST
846,ヌーベル・トリコロール,桜守歌織,"純粋に広がる夢をイメージした白
に、特別な3つの色をあしらいま
した。3つの新しい輝きが、支え
合うように互いを照らします。",costume_07,ex007,2018-06-29T00:00:00+09:00,1st
847,ヌーベル・トリコロール+,桜守歌織,"「ヌーベル・トリコロール」の
アナザー衣装です。",costume_07_v,ex107,2018-06-29T00:00:00+09:00,1st
848,空猫珈琲店 制服,桜守歌織,"三姉妹の店、空猫珈琲店の制服。
挽きたてのコーヒーの香りに
包まれた、ゆったりとした時間を
貴方にご提供いたします。",052kao0083,sr026,2018-09-21T15:00:00+09:00,PST
849,空猫珈琲店 制服+,桜守歌織,"「空猫珈琲店 制服」の
アナザー衣装です。",052kao0083_v,sr126,2018-09-21T15:00:00+09:00,PST
850,ディアボロス・イデア,桜守歌織,"その深紅は正義の欺瞞への怒りに
よって染められたもの。我が力に
敗れ、地に伏せし者には鉄槌を。
無力こそが真の悪なのだから。",052kao0104,ss003,2019-04-02T15:00:00+09:00,限定SSR
851,ディアボロス・イデア+,桜守歌織,"「ディアボロス・イデア」の
アナザー衣装です。",052kao0104_v,ss103,2019-04-02T15:00:00+09:00,限定SSR
852,ルミエール・パピヨン,桜守歌織,"まるで蝶のように美しく軽やかに
光へと向かって羽ばたいていく
少女たち。誰も見たことのない
高みへ、さあ…一緒に行こう！",costume_12,ex012,2019-07-01T00:00:00+09:00,2nd
853,ルミエール・パピヨン+,桜守歌織,"「ルミエール・パピヨン」の
アナザー衣装です。",costume_12_v,ex112,2019-07-01T00:00:00+09:00,2nd
854,レトロモダン・マドンナ,桜守歌織,"皆が新たな文化の産声を聞く中で
不変の美がそこにはありました。
激動の時代、社交界の華は優雅に
たたずんでいます。",052kao0134,ss004,2019-11-09T15:00:00+09:00,恒常SSR
855,レトロモダン・マドンナ+,桜守歌織,"「レトロモダン・マドンナ」の
アナザー衣装です。",052kao0134_v,ss104,2019-11-09T15:00:00+09:00,恒常SSR
856,オフィスメイト,桜守歌織,"胸に抱いたキラキラした希望は、
ずっと忘れない宝物だから…。
これからも、たくさん悩んで
いっぱい笑って歩いて行こう！",srufs052,sr052,2020-05-18T15:00:00+09:00,SR
857,メルヘンリリー,詩花,"百合の花のお姫様が、
童話の中から飛び出して、
みんなの笑顔を咲かせます。",201xxx0013,gs001,2018-07-21T15:00:00+09:00,EX
858,メルヘンリリー+,詩花,"「メルヘンリリー」の
アナザー衣装です。",201xxx0013_v,gs101,2018-07-21T15:00:00+09:00,EX
859,リアルアンビション,玲音,"彼女は頂に君臨せし女王にして、
さらなる高みを目指す挑戦者。
慢心なき瞳に映るのは、数多の
栄光でも賞賛でもなく……。",202xxx0013,gs001,2019-11-27T15:00:00+09:00,EX
860,リアルアンビション+,玲音,"「リアルアンビション」の
アナザー衣装です。",202xxx0013_v,gs101,2019-11-27T15:00:00+09:00,EX
861,グリューエン・レーベン,玲音,"猛き生命を焦がす、至高の舞台へ
ようこそ。自身の更なる成長を
求め、漆黒に身を包んだ王者は
共に昇る挑戦者を待ち続ける。",202xxx0023,sr081,2020-03-18T15:00:00+09:00,PST
862,グリューエン・レーベン+,玲音,"「グリューエン・レーベン」の
アナザー衣装です。",202xxx0023_v,sr181,2020-03-18T15:00:00+09:00,PST
